Kanal;Titel;URL
Biologie und Chemie Schule;Molekulare Stoffe / flüchtige Stoffe - Eigenschaften & Aufbau- Elektronenpaarbindung - Chemie Schule;https://www.youtube.com/watch?v=SRoYaVlSCtE
Biologie und Chemie Schule;Salts - Properties and structure - Ionic bonding - Brittleness, melting point... - Chemistry School;https://www.youtube.com/watch?v=PF3vEbnMk9A
Biologie und Chemie Schule;Metalle - Eigenschaften und Aufbau - Leitfähigkeit, Verformbarkeit und Glanz - Chemie Schule;https://www.youtube.com/watch?v=ONZOXixtBGA
Biologie und Chemie Schule;Metal reacts with sulfur - write the reaction scheme (word equation) - Chemistry school;https://www.youtube.com/watch?v=68Y6O0jLADE
Biologie und Chemie Schule;Metall wird verbrannt - Reaktionsschema ( Wortgleichung ) aufstellen - Chemie Schule;https://www.youtube.com/watch?v=R40eo1HjsOI
Biologie und Chemie Schule;Chemical reaction of iron and sulfur / Characteristics of chemical reactions - Chemistry School;https://www.youtube.com/watch?v=sB3R2c0l7z8
Biologie und Chemie Schule;Particles and particles - atoms, molecules, ion groups of cations and anions - Chemistry School;https://www.youtube.com/watch?v=Ran7LDoxtaw
Biologie und Chemie Schule;Welcome!;https://www.youtube.com/watch?v=PSC5hRGGMoM
Biologie und Chemie Schule;Hydrogen test for detecting hydrogen / for hydrogen / hydrogen detection - Chemistry School;https://www.youtube.com/watch?v=xnO8ZGfH28E
Biologie und Chemie Schule;Glowing splint test for the detection of oxygen / for oxygen / oxygen detection - Chemistry School;https://www.youtube.com/watch?v=uk0dL15KAZg
Biologie und Chemie Schule;Limewater test for the detection of carbon dioxide and dissolved calcium hydroxide - Chemistry Sc...;https://www.youtube.com/watch?v=upD0Wg7f3Rc
Biologie und Chemie Schule;Watesmo paper for water detection / Testing for water / Water identification - Chemistry School;https://www.youtube.com/watch?v=UtjdcUf5RSA
Biologie und Chemie Schule;Klasse 10 - Organische Chemie - Übungsausgaben für den Abschlusstest Teil 4/4 - Chemie Schule;https://www.youtube.com/watch?v=CTEdRWz8MKs
Biologie und Chemie Schule;Atombau - Stellung im Periodensystem - Schalenmodell - Chemie Schule;https://www.youtube.com/watch?v=OuIVWtr_kCQ
Biologie und Chemie Schule;What plant is this? - Identifying plants with your smartphone - Biology school;https://www.youtube.com/watch?v=QtVa-v1-6RQ
Biologie und Chemie Schule;Kohlenstoffkreislauf - Kohlenstoffatomkreislauf - Ökologie - Biologie Schule;https://www.youtube.com/watch?v=x3ES1Obk0WU
Biologie und Chemie Schule;Nitrogen cycle - Nitrogen atom cycle - Ecology - Biology School;https://www.youtube.com/watch?v=7RXZe7B1wCw
Biologie und Chemie Schule;Sichere Bedienung des Gasbrenners - Bunsenbrenner und Teclubrenner sicher anzünden - Chemie Schule;https://www.youtube.com/watch?v=go69R6OyvMs
Biologie und Chemie Schule;Kiemen - Die Atmung bei Fischen - Biologie Schule;https://www.youtube.com/watch?v=5ei3BkEa-O8
Biologie und Chemie Schule;Flammenfärbung -  Nachweis für Alkalimetalle, Erdalkalimetalle, Kupfer und Indium - Chemie Schule;https://www.youtube.com/watch?v=DvmpybyTWF8
Biologie und Chemie Schule;Characteristics of fish - fins, scales, gills, swim bladder, body shape - BNT / Biology School;https://www.youtube.com/watch?v=k23onmj84zY
Biologie und Chemie Schule;Allansche Regel - Proportionsregel - Ökologie - Umweltfaktor: Temperatur - Biologie Schule;https://www.youtube.com/watch?v=Z6BO7JxGy5c
Biologie und Chemie Schule;Bergmannsche Regel - Ökologie - abiotischer Umweltfaktor: Temperatur - Biologie Schule;https://www.youtube.com/watch?v=AZpaAPlyFqQ
Chemistry@home;Exercise (intermediate): Wedge-dash formula for Fischer projection and Fischer-P for wedge-dash f...;https://www.youtube.com/watch?v=vQMijoYblEM
Chemistry@home;Simply explained: From the wedge-dash formula to Fischer projection 4k 60fps UPDATE;https://www.youtube.com/watch?v=_C_TLS8YWXc
Chemistry@home;Exercise: pH value calculation & dilution series 4k 60fps;https://www.youtube.com/watch?v=A77n2U-uqxc
Chemistry@home;Simply explained: Naming binary metal-nonmetal compounds or salts 4k 60 Fps;https://www.youtube.com/watch?v=vJrP-h_dTUA
Chemistry@home;Exercise (intermediate): Naming carbonyl compounds (aldehydes, ketones, carboxylic acids) IUPAC 4...;https://www.youtube.com/watch?v=-aO7deCP2qs
Chemistry@home;Simply explained: Naming of aldehydes, ketones and carboxylic acids IUPAC 4K 60FPS Update;https://www.youtube.com/watch?v=Yl0nOyBnOPM
Chemistry@home;Simply explained: The matter-particle concept with states of matter and solutions 4K 60Fps;https://www.youtube.com/watch?v=SaYJiofICMI
Chemistry@home;Simply explained: The Galvanic Cell (Daniell Cell) 4K 60Fps;https://www.youtube.com/watch?v=-_u3ZbYOb6k
Chemistry@home;Simply explained: The fuel cell in chemistry 4k 60fps;https://www.youtube.com/watch?v=GB8cIyx7uf4
Chemistry@home;Simply explained: The naming of carboxylic acid esters - esters according to IUPAC 4k 60Fps - NEW;https://www.youtube.com/watch?v=wb2gULwm3bY
Chemistry@home;Simply explained: Oxidation of alcohols to aldehydes or ketones 4K 60Fps;https://www.youtube.com/watch?v=UPuibyN7S64
Chemistry@home;Simply and elegantly explained: The law of mass action - MWG - Chemical equilibrium - 4K 60fps;https://www.youtube.com/watch?v=Yz9c5ETOOvo
Chemistry@home;Exercise (medium): Redox Titration - Bromatometry 4k 60Fps Update;https://www.youtube.com/watch?v=YqDCihi4EsI
Chemistry@home;Exercise (medium): Quantitative Chemistry - Potassium nitrate becomes potassium nitrite and oxyge...;https://www.youtube.com/watch?v=5E3TLkFTKsE
Chemistry@home;Plus & Minus M(esmoere)- & I(nduktive)-Effekte 4k 60 Fps;https://www.youtube.com/watch?v=ZpO-Xzw6SOE
Chemistry@home;Simply explained: pH value calculation - dilution series - pH scale 4k 60fps;https://www.youtube.com/watch?v=8VcDy9qSW9M
Chemistry@home;Simply explained: Nomenclature (naming) of the 4k 60FPS complexes;https://www.youtube.com/watch?v=4K7fwOvns5k
Chemistry@home;Simply explained: Redox titration - Manganometry 4k 60Fps;https://www.youtube.com/watch?v=WyVXPUP-Z-M
Chemistry@home;Einfach erklärt: Quantenzahlen Feinstruktur Elektronenkonfiguration Kästchenschreibweise 4k 60FPS;https://www.youtube.com/watch?v=LPLbmDfYO8A
Chemistry@home;Simply explained: Differentiating between metals, salts and molecules 4K 60FPS;https://www.youtube.com/watch?v=bKUdxrvr6fc
Chemistry@home;Übung 2 (mittel):  Benennung von Carbonylverbindugen (Aldehyde, Ketone und Carbonsäuren) nach IUPAC;https://www.youtube.com/watch?v=h0uScCqzTqQ
Chemistry@home;Übung (mittel): Nomenklatur von Alkoholen nach IUPAC;https://www.youtube.com/watch?v=2jgb4Fl2EQ4
Chemistry@home;Übung (mittelschwer): Benennung von Halogenalkanen Alkenen Alkinen nach IUPAC;https://www.youtube.com/watch?v=L4_OT9iDrfQ
Chemistry@home;Simply explained: London dispersion dipole-dipole H-bond interactions 4k 60fps;https://www.youtube.com/watch?v=KZ-jOxgUZUg
Chemistry@home;Einfach erklärt: Dipol bestimmen EPA & VSEPR 4K 60FPS Update;https://www.youtube.com/watch?v=dZx4hXpNLKc
Chemistry@home;Buchvorstellung Chemie für Dummies und Gewinnspiel;https://www.youtube.com/watch?v=yQPbZA1j8Ss
Chemistry@home;Übung (leicht): Isomere des Pentans 4k 60Fps;https://www.youtube.com/watch?v=NXNq5rDBwZ4
Chemistry@home;Übung (schwer): Carbonsäureester benennen 4k 60 Fps;https://www.youtube.com/watch?v=sLFfUjkR-Qo
Chemistry@home;Einfach erklärt: Elektronegativität und Polarität bei Molekülen 4k 60Fps Update;https://www.youtube.com/watch?v=SwqZzueLkqM
Chemistry@home;Practice (Intermediate): Naming Carboxylic Acid Esters 4K 60 FPS;https://www.youtube.com/watch?v=FDsR_pS8Ioo
Chemistry@home;Übung (leicht): E/Z-Nomenklatur nach IUPAC 4k 60Fps;https://www.youtube.com/watch?v=ncRyqyqJkAo
Chemistry@home;Exercise (difficult): E/Z nomenclature according to IUPAC 4k 60Fps;https://www.youtube.com/watch?v=fXB6CptIKE0
Chemistry@home;Explained simply: Naming carboxylic acid esters or esters 4k 60fps;https://www.youtube.com/watch?v=c6p5kQuR1Tk
Chemistry@home;Practice (Easy): Electron Configuration 4K 60fps;https://www.youtube.com/watch?v=M3DKGZVni4Y
Chemistry@home;Simply explained: The electron configuration 4k 60Fps;https://www.youtube.com/watch?v=63NchZMGcyM
Chemistry@home;Exercise (easy): The energy level model 4k 60Fps;https://www.youtube.com/watch?v=WxQfiwjI9r4
Chemistry@home;Simply explained: The energy level model 4k 60fps;https://www.youtube.com/watch?v=ng8do9rnrGI
Chemistry@home;Übung (mittel): E/Z-Nomenklatur nach IUPAC 4k 60Fps;https://www.youtube.com/watch?v=4pGwb6lj9qk
Chemistry@home;Einfach erklärt: Die Symbolschreibweise und Isotope anhand des PSEs 4k 60 Fps;https://www.youtube.com/watch?v=29-2BWLa5dQ
Chemistry@home;Simply explained: Naming of halogenalkanes, alkenes, alkynes IUPAC 4k 60FPS Update;https://www.youtube.com/watch?v=QA58eFw_A4M
Chemistry@home;Übung (schwer): Benennung verzweigter Alkane nach IUPAC 4K 60 FPS Update;https://www.youtube.com/watch?v=0183OeL3Pso
Chemistry@home;Simply Explained: FLOH - Fischer to Haworth Projection Using Glucose as an Example;https://www.youtube.com/watch?v=uG-iKJIJMGM
Chemistry@home;Übung (mittel): Neutralisationsgleichung Calciumhydroxid mit Phosphorsäure;https://www.youtube.com/watch?v=ZCTtyW99yl0
Chemistry@home;Übung (mittel): Neutralisationsgleichung Kaliumhydroxid mit Schwefelsäure;https://www.youtube.com/watch?v=ZHBaVJGQS-s
Chemistry@home;Einfach erklärt: Übung (mittel) chemisches Gleichgewicht;https://www.youtube.com/watch?v=KcynRpu0duY
Chemistry@home;Übung Redoxreaktion (leicht): Wasserstoffperoxid + Kaliumpermanganat bilden Braunstein + Sauerstoff;https://www.youtube.com/watch?v=d8L21sNk2MQ
Chemistry@home;Experiment: Die blaue Flamme 4K 60 FPS;https://www.youtube.com/watch?v=WLSnLP5MhUU
Chemistry@home;Einfach erklärt: Das chemische Gleichgewicht - Gleichgewichtskonzentration;https://www.youtube.com/watch?v=EChbLi7MQYw
Chemistry@home;Übung Berechnung der Dichte: leichte Aufgaben (Lehrplan+ G9);https://www.youtube.com/watch?v=oN_YGztAzEg
Chemistry@home;Einfach erklärt: Berechnung der Dichte (Lehrplan+ G9);https://www.youtube.com/watch?v=qJKitSAuEmo
Chemistry@home;Übung (mittel) Redoxreaktionen: Kaliumiodat und Kaliumiodid reagieren zu Iod;https://www.youtube.com/watch?v=4sMt5Z7dYXc
Chemistry@home;Experiment: The ammonia fountain 4K 60 FPS;https://www.youtube.com/watch?v=hE9NK2iBLSk
Chemistry@home;Simply explained: Catalysis using exothermic and endothermic energy diagrams;https://www.youtube.com/watch?v=wjl-o7G5jMc
Chemistry@home;Mesomerism Practice (Intermediate): Different Compounds;https://www.youtube.com/watch?v=wFVOB7mYS-4
Chemistry@home;Einfach erklärt: Exotherme und endotherme Diagramme und Reaktionen;https://www.youtube.com/watch?v=3dkbv_pblVU
Chemistry@home;Simply explained: Establishing mesomeric limiting structural formulas;https://www.youtube.com/watch?v=LagbXoVpHoc
Chemistry@home;Übung (mittel): Benennung von Alkoholen nach IUPAC;https://www.youtube.com/watch?v=vXyq_HSwq3g
Chemistry@home;Übung (mittel):  binäre Verbindungen;https://www.youtube.com/watch?v=7qAShyLRwiw
Chemistry@home;Übung (sehr leicht): binäre Nichtmetall-Nichtmetall Verbindungen;https://www.youtube.com/watch?v=4US7hrzGRmE
Chemistry@home;Simply Explained: Quantitative Chemistry (Amount of Substance, Stoichiometry, Analytical Chemistry);https://www.youtube.com/watch?v=VBdnNdHG96k
Chemistry@home;Einfach erklärt: Benennung der Alkohole nach IUPAC;https://www.youtube.com/watch?v=hnWwiDK-YYw
Chemistry@home;Übung (mittel): Benennung von Halogenalkanen Alkenen Alkinen IUPAC;https://www.youtube.com/watch?v=14f8J90IKlY
Chemistry@home;Explained Simply: E/Z Isomerism in Alkenes IUPAC;https://www.youtube.com/watch?v=LZn0uuCPNh0
Chemistry@home;Übung (leicht): Benennung verzweigter Alkane nach IUPAC;https://www.youtube.com/watch?v=prrG6jpw-tc
Chemistry@home;Einfach erklärt: Benennung verzweigter Alkane nach IUPAC;https://www.youtube.com/watch?v=J6hyvsIqblE
Chemistry@home;Simply explained: The homologous series of alkanes;https://www.youtube.com/watch?v=TseG1yYwL7Y
Chemistry@home;Chemistry@home - Erklär- & Übungsvideos - Schulchemie einfach erklärt;https://www.youtube.com/watch?v=_bKhL6FVKlE
Chemistry@home;Exercise (easy): Quantitative Chemistry - Ammonia Synthesis;https://www.youtube.com/watch?v=lmLvlGaw4UM
Chemistry@home;Übung (schwer): Quantitative Chemie - Eisen rostet;https://www.youtube.com/watch?v=Kcn26m1Z36Q
Chemistry@home;Redox Reactions Exercise (Hard): Iron(II) + Potassium Dichromate reacting to Iron(III) + Chromium...;https://www.youtube.com/watch?v=XNF1-YrilOc
Chemistry@home;Übung Redoxreaktionen (mittel): Kohlenstoff + Schwefelsäure zu Kohlenstoffdioxid + Schwefeldioxid;https://www.youtube.com/watch?v=cIeohTnZJTw
Chemistry@home;Übung Redoxreaktionen (leicht): Eisennagel in Kupfer(II)-sulfat Lösung;https://www.youtube.com/watch?v=pbT1mLVYqbQ
Chemistry@home;Übung (schwer): Titration von Salzsäure mit Calciumhydroxid-Lösung;https://www.youtube.com/watch?v=tI7TyWV_1fE
Chemistry@home;Übung (mittel): Titration von Phosphorsäure mit Kalilauge;https://www.youtube.com/watch?v=mzktZLIDNNI
Chemistry@home;Übung (leicht): Titration von Salpetersäure mit Natronlauge;https://www.youtube.com/watch?v=U_2Q2ZYU0cw
Chemistry@home;Übung (mittel): Titration von Schwefelsäure mit Aluminiumhydroxid-Lösung;https://www.youtube.com/watch?v=dggzLb18Sx4
Chemistry@home;Simply explained: Titration as an extension of the neutralization reaction;https://www.youtube.com/watch?v=ZeLxeqGZFrc
Chemistry@home;Simply explained: Setting up redox reactions;https://www.youtube.com/watch?v=_JQ2lKxcSdU
Chemistry@home;Einfach erklärt: Grundlagen der Salzbildung;https://www.youtube.com/watch?v=KpPnlvsz3vc
Chemistry@home;Explained Simply: Setting Up Neutralization Equations;https://www.youtube.com/watch?v=LAoReUsaYGg
Chemistry@home;Übung (leicht): Bestimmen von Oxidationszahlen;https://www.youtube.com/watch?v=Pa9A03KOkbY
Chemistry@home;Simply Explained: Determining Oxidation Numbers;https://www.youtube.com/watch?v=oxY3FPjsX5A
Chemistry@home;Exercise (difficult): Drawing up valence bond formulas / structural formulas (Lewis formulas);https://www.youtube.com/watch?v=ZpPSjH2qomw
Chemistry@home;Übung (sehr schwer): Aufstellen von Valenzstrichformeln / Strukturformeln (Lewis-Formeln);https://www.youtube.com/watch?v=swHb2SKU92s
Chemistry@home;Übung (mittel): Aufstellen von Valenzstrichformeln / Strukturformeln (Lewis-Formeln);https://www.youtube.com/watch?v=YhFheWVB-wc
Chemistry@home;Exercise (easy): Drawing up valence bond formulas / structural formulas (Lewis formulas);https://www.youtube.com/watch?v=CKlVJArqGrU
Chemistry@home;Einfach erklärt: Tipps zum Aufstellen von Valenzstrichformeln / Strukturformeln (Lewis-Formeln);https://www.youtube.com/watch?v=2sHRQIMdbJA
Chemistry@home;Übung (schwer): Salzbildung aus Aluminium und Sauerstoff;https://www.youtube.com/watch?v=4tv5PH22kqg
Chemistry@home;Exercise (intermediate): Salt formation from sodium and nitrogen;https://www.youtube.com/watch?v=L2Bzo3S6U1M
Chemistry@home;Exercise (very easy): Salt formation from boron and phosphorus;https://www.youtube.com/watch?v=kmwjt8DbCqI
Chemistry@home;Übung (mittel): Salzbildung aus Calcium und Stickstoff;https://www.youtube.com/watch?v=gS0L8MnaC6Y
Chemistry@home;Übung (schwer): Salzbildung aus Indium und Iod;https://www.youtube.com/watch?v=m_AV3upxRh4
Chemistry@home;Übung (leicht): Salzbildung aus Natrium und Wasserstoff;https://www.youtube.com/watch?v=JRpGlLCtU6k
Chemistry@home;Übung (einfach): Salzbildung aus Strontium und Chlor;https://www.youtube.com/watch?v=J7ZqTq2ppuU
Chemistry@home;Übung (schwer): Salzbildung aus Gallium und Fluor;https://www.youtube.com/watch?v=2Mr8d2zywZM
Chemistry@home;Reaktionsgleichung (mittel): H3PO4 + Na2CO3 reagiert zu Na3PO4 + H2O+ CO2;https://www.youtube.com/watch?v=NlDLs9RejwM
Chemistry@home;Reaction equation (difficult / S+): KMnO4 + H2SO4 + C2H2O4 reacts to form K2SO4 + MnSO4 + H2O + CO2;https://www.youtube.com/watch?v=T0KKsf2PtLo
Chemistry@home;Reaction equation (medium): Ammonia + nitric oxide reacts to form nitrogen + water;https://www.youtube.com/watch?v=yUJq-U6fOIc
Chemistry@home;Übung (leicht): binäre Metall-Nichtmetall Formeln;https://www.youtube.com/watch?v=-T9-TGZrJJg
Chemistry@home;Reaktionsgleichung (mittel): Butan und Sauerstoff reagiert zu Wasser und Kohlenstoffdioxid;https://www.youtube.com/watch?v=Cn-fo-XYIxs
Chemistry@home;Reaction Equation (Intermediate): Octane and Oxygen react to form Water and Carbon Dioxide;https://www.youtube.com/watch?v=t7WiHHgHZtk
Chemistry@home;Reaktionsgleichung (mittel): Traubenzucker und Sauerstoff reagieren zu Wasser und Kohlenstoffdioxid;https://www.youtube.com/watch?v=dPfJTscfLJk
Chemistry@home;Reaktionsgleichung (mittel): Eisen(II)-sulfid + Sauerstoff zu Eisen(III)-oxid + Schwefeltrioxid;https://www.youtube.com/watch?v=HqoRfd6Xheg
Chemistry@home;Reaktionsgleichung (mittel): Eisen(III)-oxid + Kohlenstoffmonoxid zu Eisen + Kohlenstoffdioxid;https://www.youtube.com/watch?v=Gd5UWRxUNLc
Chemistry@home;Reaction Equation (Easy): Copper(II) oxide + carbon react to form copper + carbon dioxide;https://www.youtube.com/watch?v=iD79jyPyvPE
Chemistry@home;Simply explained: Naming binary non-metal/non-metal compounds;https://www.youtube.com/watch?v=zcRCTh_PXgg
Chemistry@home;Reaktionsgleichung (sehr leicht): Magnesium + Kupfer(I)-oxid reagieren zu Magnesium(II)-oxid+Kupfer;https://www.youtube.com/watch?v=XSAORGwWQH8
Chemistry@home;Reaction Equation (easy): Copper(II) oxide and iron react to form copper and iron oxide (Fe3O4);https://www.youtube.com/watch?v=rTGIX5dAO-E
Chemistry@home;Reaktionsgleichung (leicht): Eisen(II)-sulfid und Sauerstoff reagieren zu Fe3O4 und Schwefeldioxid;https://www.youtube.com/watch?v=H25_C2JZOC8
Chemistry@home;Reaktionsgleichung (leicht): Aluminium + Zink(II)-oxid reagieren zu Aluminium(III)-oxid + Zink;https://www.youtube.com/watch?v=MiMqfsZJZio
Chemistry@home;Reaktionsgleichung (sehr leicht): Kupfer(I)-oxid und Zink reagieren zu Zink(II)-oxid und Kupfer;https://www.youtube.com/watch?v=2X20WIt67rI
Chemistry@home;Simply explained: Basics of balancing reaction equations;https://www.youtube.com/watch?v=4fwq_1q81v8
Chemistry@home;Reaktionsgleichung (leicht): Wasserstoff und Sauerstoff reagieren zu Wasser;https://www.youtube.com/watch?v=mWVBHWyioNA
musstewissen Chemie;Rechnen mit molaren Größen I musstewissen Chemie;https://www.youtube.com/watch?v=Mp9ss59KoWI
musstewissen Chemie;Molare Masse und molares Volumen I musstewissen Chemie;https://www.youtube.com/watch?v=f0CcWMx1_ns
musstewissen Chemie;What are particle number and amount of substance? I must-know chemistry;https://www.youtube.com/watch?v=WDXYXykdkMQ
musstewissen Chemie;Die Masse von Atomen I musstewissen Chemie;https://www.youtube.com/watch?v=xQaafi2zLik
musstewissen Chemie;Redoxreaktion Teil 5 - Die Galvanische Zelle I musstewissen Chemie;https://www.youtube.com/watch?v=gifwGurgfVk
musstewissen Chemie;Redoxreaktion Teil 4 - Die Korrosion I musstewissen Chemie;https://www.youtube.com/watch?v=ld83QYrMDrI
musstewissen Chemie;Redox reaction part 3 I must-know chemistry;https://www.youtube.com/watch?v=dLLxuL-AlOE
musstewissen Chemie;Redoxreaktion Teil 2 I musstewissen Chemie;https://www.youtube.com/watch?v=Y3BmwGyVjt8
musstewissen Chemie;Was sind Redoxreaktionen? I musstewissen Chemie;https://www.youtube.com/watch?v=csRIZZuIC0Q
musstewissen Chemie;Strukturformeln einfach erklärt I musstewissen Chemie;https://www.youtube.com/watch?v=toQD3nPZQn4
musstewissen Chemie;Was ist Neutralisation? I musstewissen Chemie;https://www.youtube.com/watch?v=5c5SrQb2SM4
musstewissen Chemie;Alchemie einfach erklärt I musstewissen Chemie;https://www.youtube.com/watch?v=tvzyXK2Bkx8
musstewissen Chemie;Was sind eigentlich Basen? I musstewissen Chemie;https://www.youtube.com/watch?v=J0-LFHwcgZs
musstewissen Chemie;Die Säure-Theorie nach Brønsted I musstewissen Chemie;https://www.youtube.com/watch?v=x93KKVDahKY
musstewissen Chemie;Acids and Bases I Must-Know Chemistry;https://www.youtube.com/watch?v=0odQLq6EJBc
musstewissen Chemie;What is electronegativity? I must-know chemistry;https://www.youtube.com/watch?v=DxE1xEc44iU
musstewissen Chemie;Was sind Wasserstoffbrückenbindungen? I musstewissen Chemie;https://www.youtube.com/watch?v=lO_NSF1PeVI
musstewissen Chemie;Metallbindungen einfach erklärt I musstewissen Chemie;https://www.youtube.com/watch?v=0bvldHVL_TU
musstewissen Chemie;What are isotopes? I must-know chemistry;https://www.youtube.com/watch?v=6DqCWFC4o6w
musstewissen Chemie;Halogene I 7. Hauptgruppe des Periodensystems I musstewissen Chemie;https://www.youtube.com/watch?v=CC1IIka6Khg
musstewissen Chemie;Noble Gases I 8th Main Group of the Periodic Table I Must Know Chemistry;https://www.youtube.com/watch?v=ITi6FA67nPk
musstewissen Chemie;Alkaline earth metals I Magnesium I Periodic table I Must-know chemistry;https://www.youtube.com/watch?v=4XpfUyMV6Bo
musstewissen Chemie;Holidays I Outtakes I Must Know Chemistry;https://www.youtube.com/watch?v=UXvDnXgTS7g
musstewissen Chemie;Alkali metals I Main group Periodic table I Must know chemistry;https://www.youtube.com/watch?v=NpgVk9leUbs
musstewissen Chemie;Atomic Bonding I Must Know Chemistry;https://www.youtube.com/watch?v=PsR-HRiGAzA
musstewissen Chemie;Ionic Bonds I Chemical Bonds I Must-Know Chemistry;https://www.youtube.com/watch?v=n6Dr3qY7c6M
musstewissen Chemie;Octet rule and noble gases I must-know chemistry;https://www.youtube.com/watch?v=4LAKxGIC8UQ
musstewissen Chemie;Ionen und Salze I Einführung I musstewissen Chemie;https://www.youtube.com/watch?v=fTcnELa-v88
musstewissen Chemie;Periodensystem der Elemente I Teil 2 I musstewissen Chemie;https://www.youtube.com/watch?v=f5-W87IGLFY
musstewissen Chemie;Periodic Table of Elements I Part 1 I Must Know Chemistry;https://www.youtube.com/watch?v=J2KJRRH0E3Y
musstewissen Chemie;Sauerstoff und Verbrennungen I musstewissen Chemie;https://www.youtube.com/watch?v=ULdZHgOkDFw
musstewissen Chemie;Composition of the air I must-know chemistry;https://www.youtube.com/watch?v=ySBV5DBap5A
musstewissen Chemie;Atommodell nach Niels Bohr I musstewissen Chemie;https://www.youtube.com/watch?v=cG770N48Hzk
musstewissen Chemie;Atomic model according to Ernest Rutherford I must know chemistry;https://www.youtube.com/watch?v=zeBywJUkepk
musstewissen Chemie;Atome und Stoffe im John Dalton Modell I musstewissen Chemie;https://www.youtube.com/watch?v=kD_ClTRcQRQ
musstewissen Chemie;What are gases and how can physical quantities be described? I must-know chemistry;https://www.youtube.com/watch?v=WWCuFzOAF4o
musstewissen Chemie;Oxidation in everyday life I must-know chemistry;https://www.youtube.com/watch?v=5xOr1ri-XK8
musstewissen Chemie;Chemische Reaktion und physikalischer Vorgang I musstewissen Chemie;https://www.youtube.com/watch?v=iExhWsDXg9o
musstewissen Chemie;Mixtures and pure substances I must-know chemistry;https://www.youtube.com/watch?v=FEK9tTWGiSk
musstewissen Chemie;Separation processes of mixtures of substances I must-know chemistry;https://www.youtube.com/watch?v=W66TqZOi2sc
musstewissen Chemie;Solubility of substances I must-know chemistry;https://www.youtube.com/watch?v=EvqDernIcJA
musstewissen Chemie;Homogeneous and heterogeneous mixtures of substances I must-know chemistry;https://www.youtube.com/watch?v=xqUI2G4O2WE
musstewissen Chemie;Teilchenmodell I Atome I Moleküle I musstewissen Chemie;https://www.youtube.com/watch?v=ej7-EbeXpmI
musstewissen Chemie;Must-know Chemistry I Channel Trailer;https://www.youtube.com/watch?v=an0Na2hWdmE
musstewissen Chemie;Aggregatzustände I fest I flüssig I gasförmig I musstewissen Chemie;https://www.youtube.com/watch?v=kEFx1X5F2fU
Chemie - simpleclub;Titrationskurve einer schwachen Säure oder Base;https://www.youtube.com/watch?v=9E8OLIJixas
Chemie - simpleclub;Calculating pH value - example;https://www.youtube.com/watch?v=r7bw5UosKxk
Chemie - simpleclub;Esterification;https://www.youtube.com/watch?v=uFS1kD5hwz8
Chemie - simpleclub;Rutherford's scattering experiment;https://www.youtube.com/watch?v=qHeYEsF3da8
Chemie - simpleclub;Le Chatelier - The principle of least constraint;https://www.youtube.com/watch?v=Nusi23K15MY
Chemie - simpleclub;What are hydrogen bonds?;https://www.youtube.com/watch?v=60hElHqkObc
Chemie - simpleclub;Mole / Molar Mass;https://www.youtube.com/watch?v=u_N5dNDWOs4
Chemie - simpleclub;Metalle & Halbmetalle;https://www.youtube.com/watch?v=i2dXCe1I9Ws
Chemie - simpleclub;Oxidation und Reduktion - Einführung (Historisch);https://www.youtube.com/watch?v=_lYKHCGiAbI
Chemie - simpleclub;Solubility - simply explained;https://www.youtube.com/watch?v=kx220vlnV7Y
Chemie - simpleclub;Recycling of plastics;https://www.youtube.com/watch?v=S4_7SAfVds0
Chemie - simpleclub;Markownikow Regel;https://www.youtube.com/watch?v=VZmr_KIV9hY
Chemie - simpleclub;Elimination reaction;https://www.youtube.com/watch?v=uRRdKXYsbW4
Chemie - simpleclub;Haworth projection;https://www.youtube.com/watch?v=hI9A-pdhEKk
Chemie - simpleclub;Newman projection;https://www.youtube.com/watch?v=R2-UzM25cso
Chemie - simpleclub;Sawhorse Projection;https://www.youtube.com/watch?v=Gw4YH-obbhI
Chemie - simpleclub;OC Basics: Nucleophiles and Electrophiles;https://www.youtube.com/watch?v=_s1f9TVTUfE
Chemie - simpleclub;Lewis Säure & Basen;https://www.youtube.com/watch?v=TfneKyV0q-g
Chemie - simpleclub;The Orbital Model - Sigma Bonds and Pi Bonds;https://www.youtube.com/watch?v=DbgA5ZyJNGE
Chemie - simpleclub;Williamson-Ethersynthese;https://www.youtube.com/watch?v=2cHgb4o8izU
Chemie - simpleclub;Standardbildungsenthalpie;https://www.youtube.com/watch?v=P6cBRZZ9CMI
Chemie - simpleclub;Ringschluss / Halbacetale;https://www.youtube.com/watch?v=r9Sy879ufqg
Chemie - simpleclub;Acid-base theory by Arrhenius;https://www.youtube.com/watch?v=3OeMSFa_Cq0
Chemie - simpleclub;SN2 Reaction;https://www.youtube.com/watch?v=ikOT7AP76Lw
Chemie - simpleclub;What is a buffer?;https://www.youtube.com/watch?v=fr4Tz5pFHss
Chemie - simpleclub;Haworth projection - What is it?;https://www.youtube.com/watch?v=Td-nFe9CPYM
Chemie - simpleclub;Orbitalmodell - Sp3 - Hybridisation;https://www.youtube.com/watch?v=1LvsQyJHjHM
Chemie - simpleclub;Free Radical Substitution;https://www.youtube.com/watch?v=RyfG8_n6Dvg
Chemie - simpleclub;What are atomic orbitals?;https://www.youtube.com/watch?v=IOL-0FSAL50
Chemie - simpleclub;Alcohol - Acid-catalyzed protonation / Unimolecular and bimolecular substitution;https://www.youtube.com/watch?v=LtpV1F4d-kQ
Chemie - simpleclub;Alcohol - Reactions - Oxidation of alcohols;https://www.youtube.com/watch?v=xc51MOJs1OI
Chemie - simpleclub;Calculate pH value;https://www.youtube.com/watch?v=r4yZ37sabP8
Chemie - simpleclub;Electrochemical cell;https://www.youtube.com/watch?v=to4rWQPbUqo
Chemie - simpleclub;Alcohols - Reactions - Deprotonation by Bases and Alkali Metals - Alkoxides;https://www.youtube.com/watch?v=AtoSFpq_r2Y
Chemie - simpleclub;What happens in exothermic and endothermic reactions?!;https://www.youtube.com/watch?v=Xk35-PXBLII
Chemie - simpleclub;Hybridization of Carbon - Overview;https://www.youtube.com/watch?v=23KVdib8wBo
Chemie - simpleclub;Chair conformation - What is it?;https://www.youtube.com/watch?v=mlqEpbDhIG8
Chemie - simpleclub;Kohlenstoff | sp-Hybridiserung (Orbitalmodell);https://www.youtube.com/watch?v=uFfHrFWO7Lo
Chemie - simpleclub;sp hybridization - example ethyne;https://www.youtube.com/watch?v=r2WcAKJkETE
Chemie - simpleclub;The Ideal Gas Law - Example;https://www.youtube.com/watch?v=h57VNiququA
Chemie - simpleclub;Alkynes - Explanation;https://www.youtube.com/watch?v=u9nt-HcJ71Y
Chemie - simpleclub;sp2 hybridization of carbon;https://www.youtube.com/watch?v=rzXVgJ9UAWk
Chemie - simpleclub;Alcohol - Synthesis - Reduction of Aldehydes and Ketones;https://www.youtube.com/watch?v=_11u97QzJF8
Chemie - simpleclub;Alkohol - Herstellung - Grignard Reaktion;https://www.youtube.com/watch?v=tzOGAZLSM9o
Chemie - simpleclub;Alcohol production - Acid-catalyzed hydration;https://www.youtube.com/watch?v=-u9Z7dl5Jek
Chemie - simpleclub;Alkohol - Basics;https://www.youtube.com/watch?v=rXy9kEhdqEk
Chemie - simpleclub;IUPAC nomenclature of alkanes;https://www.youtube.com/watch?v=FQK7n9BJGms
Chemie - simpleclub;Redox Reactions - Advanced;https://www.youtube.com/watch?v=hqOwQtCgTxM
Chemie - simpleclub;Alkene;https://www.youtube.com/watch?v=bnkRS4Jpx_U
Chemie - simpleclub;Ionic Bonding - Introduction;https://www.youtube.com/watch?v=O-ZePNaYn5g
Chemie - simpleclub;Redox reactions - electron transfer;https://www.youtube.com/watch?v=FiZluoF-hrw
Chemie - simpleclub;IUPAC nomenclature of unbranched alkenes;https://www.youtube.com/watch?v=S9JtTs6zgiE
Chemie - simpleclub;Acid-base theory by Arrhenius;https://www.youtube.com/watch?v=KQn-H60_BSY
Chemie - simpleclub;What does Kc value mean?;https://www.youtube.com/watch?v=z8IeyvQ5wFE
Chemie - simpleclub;Atomic and ionic radius in the periodic table - REMAKE;https://www.youtube.com/watch?v=qivPXdS1Nd0
Chemie - simpleclub;Orbital model - Sigma bonds and Pi bonds;https://www.youtube.com/watch?v=igoaN01ZxNs
Chemie - simpleclub;Ionization Energy - REMAKE;https://www.youtube.com/watch?v=rJIVr9iHzvM
Chemie - simpleclub;Metals & Semimetals - REMAKE;https://www.youtube.com/watch?v=UIlCND3AdCI
Chemie - simpleclub;The acid-base principle according to Broensted - REMAKE;https://www.youtube.com/watch?v=UzLNt-0wrJw
Chemie - simpleclub;Calculate pH value - REMAKE;https://www.youtube.com/watch?v=yoMlh_SXMOI
Chemie - simpleclub;What are ampholytes?;https://www.youtube.com/watch?v=ZIGy4Jryv00
Chemie - simpleclub;Le Chatelier - The Principle of Least Constraint - REMAKE;https://www.youtube.com/watch?v=K5B5_rxli28
Chemie - simpleclub;The Periodic Table - Simply Explained - REMAKE;https://www.youtube.com/watch?v=lsVL6Bg4Y9U
Chemie - simpleclub;Orbitalemodell - Sp3 - Hybridisation;https://www.youtube.com/watch?v=VFABCq4xItY
Chemie - simpleclub;Chemical equilibrium;https://www.youtube.com/watch?v=mzEJlWtM_30
Chemie - simpleclub;The reaction quotient Q - Predicting the reaction direction;https://www.youtube.com/watch?v=fU9GBAYJbN8
Chemie - simpleclub;Development of atomic models - REMAKE;https://www.youtube.com/watch?v=ZD2HWNkA6WI
Chemie - simpleclub;Bohr's Atomic Model;https://www.youtube.com/watch?v=aaCrbQcHsDM
Chemie - simpleclub;Oxidation and Reduction - Introduction to the Historical Terms (REMAKE);https://www.youtube.com/watch?v=yLhR_T24R5c
Chemie - simpleclub;Rutherford's scattering experiment;https://www.youtube.com/watch?v=81kI-gmTSrA
Chemie - simpleclub;What are hydrogen bonds? - REMAKE;https://www.youtube.com/watch?v=RcHZUhzK7kY
Chemie - simpleclub;Acid-Base Pairs - REMAKE;https://www.youtube.com/watch?v=FxXISwuj9Rc
Chemie - simpleclub;Van der Waals forces - Intermolecular forces;https://www.youtube.com/watch?v=03eGS6f1vq8
Chemie - simpleclub;Dipole-dipole interaction - REMAKE;https://www.youtube.com/watch?v=4onUjn8xYw8
Chemie - simpleclub;Ionization energy / Ionization energy;https://www.youtube.com/watch?v=-cy2BGV8KEs
Chemie - simpleclub;Die Tollensprobe - Nachweis von Aldehyden - Stoffe Nachweisen im Labor 13;https://www.youtube.com/watch?v=kxXBjZQ1W4I
Chemie - simpleclub;What is Isomerism? - Subgroups & Isomers - Isomerism 1 - Corrected REUPLOAD;https://www.youtube.com/watch?v=akbUocJtLEc
Chemie - simpleclub;Wie zeichne ich die Fischer-Projektion?? - Kohlenwasserstoffe Einführung;https://www.youtube.com/watch?v=o2yGDlGHrbs
Chemie - simpleclub;What is isomerism? - Subgroups & Isomers - Isomerism 1;https://www.youtube.com/watch?v=FiOcTKqElTU
Chemie - simpleclub;How exactly does color work? - Sample problem;https://www.youtube.com/watch?v=k-Uggf3RKrY
Chemie - simpleclub;Hazard instructions in the laboratory;https://www.youtube.com/watch?v=tifJa503yO4
Chemie - simpleclub;Chemical requirements for color;https://www.youtube.com/watch?v=tQ-cpQah7X0
Chemie - simpleclub;Colorants - Classification of inorganic & organic dyes;https://www.youtube.com/watch?v=dHrkvqwOZXA
Chemie - simpleclub;The Lambert-Beer Law;https://www.youtube.com/watch?v=s7ynLpWhfXQ
Chemie - simpleclub;The perfect bath - Richmann's mixing temperature;https://www.youtube.com/watch?v=ZELyqLrWD4o
Chemie - simpleclub;Nachweis von Carbonat;https://www.youtube.com/watch?v=yp1Kmw9QAGo
Chemie - simpleclub;Ring test for the detection of nitrate ions;https://www.youtube.com/watch?v=BrjM2CRgMcI
Chemie - simpleclub;Set up simple chemical reactions REMAKE;https://www.youtube.com/watch?v=weVa4QH6238
Chemie - simpleclub;Exercises on electron configuration;https://www.youtube.com/watch?v=3o63RTXHBh8
Chemie - simpleclub;The value of the elements;https://www.youtube.com/watch?v=aZbXqTqP0GE
Chemie - simpleclub;Oxidation number determination tasks;https://www.youtube.com/watch?v=nGJMYd2_cjU
Chemie - simpleclub;The particle model simply explained;https://www.youtube.com/watch?v=fFxijrGXa2Y
Chemie - simpleclub;Oxidationszahlen bestimmen & Regeln - REMAKE;https://www.youtube.com/watch?v=RnpNrWJ4GOc
Chemie - simpleclub;The Fehling test - detection of aldehydes;https://www.youtube.com/watch?v=LfwKVQi1iRQ
Chemie - simpleclub;Qualitative vs. Quantitative Analysis in Chemistry;https://www.youtube.com/watch?v=XBVtW4qAvus
Chemie - simpleclub;pH-Wert berechnen REMAKE;https://www.youtube.com/watch?v=vVP10qK8lYY
Chemie - simpleclub;Nachweis von Aluminium;https://www.youtube.com/watch?v=CCxssVv97Ag
Chemie - simpleclub;What exactly is a pH value, anyway?!;https://www.youtube.com/watch?v=bfT_OkQpyj4
Chemie - simpleclub;Relative Atommasse;https://www.youtube.com/watch?v=ESpjFUeoHd4
Chemie - simpleclub;Elektronenpaarbindung aka kovalente Bindung;https://www.youtube.com/watch?v=IYjMICnDK50
Chemie - simpleclub;Rare earths  lanthanides and actinides;https://www.youtube.com/watch?v=SMmj2BgfWyI
Chemie - simpleclub;Alkanale,  Alkanone, Aldehyde - REMAKE;https://www.youtube.com/watch?v=NINWCNvJFfg
Chemie - simpleclub;Ab ins Labor - STOP STOP!;https://www.youtube.com/watch?v=JniUB-v6kAk
Chemie - simpleclub;Quecksilber - Wasn das?;https://www.youtube.com/watch?v=Zs9PqvuRpj8
Chemie - simpleclub;Detection of acetate ions;https://www.youtube.com/watch?v=vwnDjRISdq4
Chemie - simpleclub;Nachweis von Borat-Ionen;https://www.youtube.com/watch?v=s11w0L_r10w
Chemie - simpleclub;Transition Elements in the Periodic Table;https://www.youtube.com/watch?v=F4f7xQ82UXQ
Chemie - simpleclub;Oxidation and Reduction - The Theory;https://www.youtube.com/watch?v=cg6gb_GDaFc
Chemie - simpleclub;Oxidation und Reduktion! - Äh... Wat?;https://www.youtube.com/watch?v=NYQ1E3v8Zqs
Chemie - simpleclub;Neutralization - What is neutral and how do you neutralize it?;https://www.youtube.com/watch?v=UgDq5GlucPY
Chemie - simpleclub;The Letter from Uncle - Element Molecules HONClBrIF;https://www.youtube.com/watch?v=ZzDVTAtgsQc
Chemie - simpleclub;Stink test - detection of sulfide ions;https://www.youtube.com/watch?v=YfZepvrNaJA
Chemie - simpleclub;Cross-match - detection of ammonium ions;https://www.youtube.com/watch?v=eDRlDGVW1Qk
Chemie - simpleclub;Nachweis von Kalium als Kaliumperchlorat l TheSimpleChemics;https://www.youtube.com/watch?v=8V-_LpShQgM
Chemie - simpleclub;Detection of chlorine, bromine and iodine - halogen detection;https://www.youtube.com/watch?v=MdVwjzMfTPs
Chemie - simpleclub;Calculations in chemistry - amount of substance, concentration;https://www.youtube.com/watch?v=AZbQ7Rqg1KE
Chemie - simpleclub;Polyaddition - Typical tasks on plastics in the Abitur!;https://www.youtube.com/watch?v=3_TiqCjRAlQ
Chemie - simpleclub;Polycondensation - Typical tasks on plastics in the Abitur!;https://www.youtube.com/watch?v=AfhxU4RGK40
Chemie - simpleclub;Polymerization - Typical Exam Questions on Plastics for the Abitur;https://www.youtube.com/watch?v=6AKSBV9Y5yo
Chemie - simpleclub;Edelgase  Die 8. Hauptgruppe im Periodensystem;https://www.youtube.com/watch?v=7lz5PD61gmo
Chemie - simpleclub;Plastics in the Abitur exam  tips and tricks;https://www.youtube.com/watch?v=jkuvzC_Tdgw
Chemie - simpleclub;Lewis acid-base theory;https://www.youtube.com/watch?v=Art2FUdp55A
Chemie - simpleclub;Acid-Base Crash Course - Summary Chemistry Abitur;https://www.youtube.com/watch?v=8FwB735ePV8
Chemie - simpleclub;Redoxreaktionen - Abitur-Crashkurs;https://www.youtube.com/watch?v=aQNaXLFBqpw
Chemie - simpleclub;Bakelit - Kunststoff einfach erklärt;https://www.youtube.com/watch?v=a5piD-b22II
Chemie - simpleclub;Alkali metals  1st main group in the periodic table #TheSimpleShort;https://www.youtube.com/watch?v=N-qczz_nyOA
Chemie - simpleclub;Removing Rust with Citric Acid - How Does It Work? The Theory;https://www.youtube.com/watch?v=76VIa7wfXOA
Chemie - simpleclub;Superglue - Why doesn't superglue stick in the bottle?;https://www.youtube.com/watch?v=fsbxsKdxih8
Chemie - simpleclub;Make your own film wounds! Chemical magic trick;https://www.youtube.com/watch?v=5DmWWJl1BpY
Chemie - simpleclub;Mixing Cross - The Chemical Bartender;https://www.youtube.com/watch?v=Gufc3CCkZS0
Chemie - simpleclub;Alkaline earth metals - Group 2 of the periodic table #TheSimpleShort;https://www.youtube.com/watch?v=UNdnOe8emEQ
Chemie - simpleclub;Elektrophile Addition an Doppelbindungen (Brom an Ethen);https://www.youtube.com/watch?v=l6YfuLAgo5Q
Chemie - simpleclub;Pharaoh's Serpent - The Theory;https://www.youtube.com/watch?v=T1WNfITP5MY
Chemie - simpleclub;Earth metals aka boron group - 3rd main group in the periodic table #TheSimpleShort;https://www.youtube.com/watch?v=y_HIqmatyEs
Chemie - simpleclub;Sodium in water goes off! - The experiment;https://www.youtube.com/watch?v=pgoDOAyR8e8
Chemie - simpleclub;Natrium in Wasser - Die Erklärung;https://www.youtube.com/watch?v=-BJ_xRUPR6c
Chemie - simpleclub;Carbon group/Tetrel - 4th main group in the periodic table #TheSimpleShort;https://www.youtube.com/watch?v=Ufq6hAKUrV4
Chemie - simpleclub;Blue Bottle Experiment - Wie funktioniert es?;https://www.youtube.com/watch?v=tL6NG0lbwI4
Chemie - simpleclub;Pnictogens / Nitrogen group - 5th main group in the periodic table #TheSimpleShort;https://www.youtube.com/watch?v=TtSHVGNzJwk
Chemie - simpleclub;The Density of CO2 - Floating Soap Bubble Theory;https://www.youtube.com/watch?v=VKiGQO2_F6M
Chemie - simpleclub;First the water, then the acid! - But why?;https://www.youtube.com/watch?v=-U20HLo4puk
Chemie - simpleclub;Chromatography - The Theory;https://www.youtube.com/watch?v=Gn9Qdok_YEg
Chemie - simpleclub;Das Löslichkeitsprodukt;https://www.youtube.com/watch?v=h982Pfm9-tM
Chemie - simpleclub;Burning a banknote - enthalpy of vaporization;https://www.youtube.com/watch?v=YnpSy0f93qM
Chemie - simpleclub;Geldscheine verbrennen! - Chemie Zaubertrick;https://www.youtube.com/watch?v=L7i34cbelFM
Chemie - simpleclub;Chalkogene - 6. Hauptgruppe im Periodensystem #TheSimpleShort;https://www.youtube.com/watch?v=UvQEitb1VcA
Chemie - simpleclub;Electrophilic aromatic substitution;https://www.youtube.com/watch?v=203wcS1D1Kg
Chemie - simpleclub;The Halogens - 7th Main Group in the Periodic Table #TheSimpleShort;https://www.youtube.com/watch?v=uixbDWAek_o
Chemie - simpleclub;Stoichiometric calculation using the example of an explosion;https://www.youtube.com/watch?v=K2M_rhcHs0w
Chemie - simpleclub;Dose sprengen?! - Explosion Benzin-Luft-Gemisch;https://www.youtube.com/watch?v=IGtW5uUa3y8
Chemie - simpleclub;Münzen vergolden & Legierungen - Die Theorie;https://www.youtube.com/watch?v=XwLibwNNwUw
Chemie - simpleclub;Nitrogen dioxide pollutant from cars - #TheSimpleShort;https://www.youtube.com/watch?v=wXZts9ZHxQg
Chemie - simpleclub;How does the red cabbage indicator work? + pH basics;https://www.youtube.com/watch?v=RPcRGgUspRs
Chemie - simpleclub;Water - The Basis of Life - #TheSimpleShort;https://www.youtube.com/watch?v=spz-x3qJwc8
Chemie - simpleclub;Chemical explosions / chain reaction - example: oxyhydrogen gas;https://www.youtube.com/watch?v=AqMsIVmLRHQ
Chemie - simpleclub;Carbon monoxide - The evil gas! - #TheSimpleShort;https://www.youtube.com/watch?v=63VTMVkjLuk
Chemie - simpleclub;Car catalytic converter - what does it do?;https://www.youtube.com/watch?v=5kONwqmbKfc
Chemie - simpleclub;Flammenfärbung - Die Theorie;https://www.youtube.com/watch?v=1iZX-RR_UIE
Chemie - simpleclub;Sodium Chloride - Our Common Table Salt - #TheSimpleShort;https://www.youtube.com/watch?v=tP6i7DdTYnc
Chemie - simpleclub;Crystallization & Solubility - Growing Crystals - Theory;https://www.youtube.com/watch?v=GQsnYaqUdXs
Chemie - simpleclub;Sulfuric acid - the strongest acid? - #TheSimpleShort;https://www.youtube.com/watch?v=SV0upfBVd-Y
Chemie - simpleclub;Chemiluminescence and Fluorescence - The Explanation;https://www.youtube.com/watch?v=-qKgBIF7tAo
Chemie - simpleclub;Chemiluminescence  The Experiment;https://www.youtube.com/watch?v=bVnD1gY34yk
Chemie - simpleclub;The Haber-Bosch Process / Ammonia Synthesis;https://www.youtube.com/watch?v=qXp_Ut4awu0
Chemie - simpleclub;Komplexchemie - Die Benennung;https://www.youtube.com/watch?v=aiwLlbELCSU
Chemie - simpleclub;Carbon dioxide - to blame for global warming? - #TheSimpleShort;https://www.youtube.com/watch?v=1kVenn4Cars
Chemie - simpleclub;Molar concentration - How do you calculate it?;https://www.youtube.com/watch?v=usxFtS2GnXA
Chemie - simpleclub;Nernstgleichung und Konzentrationselemente - Abitur;https://www.youtube.com/watch?v=khyu7_WoLlg
Chemie - simpleclub;Hydrochloric acid - really corrosive - #TheSimpleShort;https://www.youtube.com/watch?v=oHEQrjBaqyM
Chemie - simpleclub;Reading structural formulas / naming alkanes - Basics;https://www.youtube.com/watch?v=X_hOPaMDaVY
Chemie - simpleclub;Electrochemical series / redox series;https://www.youtube.com/watch?v=TTG_LOP3w0A
Chemie - simpleclub;Ammonia - What is it?;https://www.youtube.com/watch?v=s1IPcb15JZQ
Chemie - simpleclub;Electrolysis - What is it? - Abitur;https://www.youtube.com/watch?v=EzBAGN2Jx7Y
Chemie - simpleclub;Phosphorus - For more than just incendiary bombs - #TheSimpleShort;https://www.youtube.com/watch?v=gRfyX48_Xg0
Chemie - simpleclub;Deletion methods - How do I delete something?;https://www.youtube.com/watch?v=gjZAOBeUHxQ
Chemie - simpleclub;LSD - History and Effects;https://www.youtube.com/watch?v=GZwZ4PAAqxc
Chemie - simpleclub;Silver - for killing werewolves? - #TheSimpleShort;https://www.youtube.com/watch?v=YJCg0K5Q-JE
Chemie - simpleclub;Minerals - What do we need them for?;https://www.youtube.com/watch?v=zJae3LuO90c
Chemie - simpleclub;Energy from lemon - Not just for tequila;https://www.youtube.com/watch?v=8dyAtI4FMuk
Chemie - simpleclub;Calcium - Good for the bones? - #TheSimpleShort;https://www.youtube.com/watch?v=lNdnztACPag
Chemie - simpleclub;Electron Affinity - What is it?;https://www.youtube.com/watch?v=Td1q2VddHaM
Chemie - simpleclub;What is gunpowder?;https://www.youtube.com/watch?v=Fl9A5h_e6K4
Chemie - simpleclub;Brom - Evacuate school - #TheSimpleShort;https://www.youtube.com/watch?v=Kc3Q4LMShRw
Chemie - simpleclub;The car battery - How does it work?;https://www.youtube.com/watch?v=qaP69_oU9qc
Chemie - simpleclub;Natrium - Warum zischt es auf dem Wasser? - #TheSimpleShort;https://www.youtube.com/watch?v=GNVNRV-NWRs
Chemie - simpleclub;Detection of multiple binding - It's that easy;https://www.youtube.com/watch?v=bZl5EiXxKLc
Chemie - simpleclub;Asbestos - Why is it so dangerous?;https://www.youtube.com/watch?v=jSULVZ_CCWM
Chemie - simpleclub;Sulfur - awful smell! - #TheSimpleShort;https://www.youtube.com/watch?v=zzOgxHwjZ9I
Chemie - simpleclub;Electronegativity;https://www.youtube.com/watch?v=_KLbBgW32Vw
Chemie - simpleclub;Detergents - Chemistry to the max;https://www.youtube.com/watch?v=ymStEpXwGdo
Chemie - simpleclub;Copper - Only in Pennies? - #TheSimpleShort;https://www.youtube.com/watch?v=H3Pg8sPzVc0
Chemie - simpleclub;Ionization energy - What is it?;https://www.youtube.com/watch?v=PtqtI2EE1DU
Chemie - simpleclub;Superabsorbents  harsh chemicals in diapers;https://www.youtube.com/watch?v=Dt6UYzxoGss
Chemie - simpleclub;Nitrogen - What does it suffocate? - #TheSimpleShort;https://www.youtube.com/watch?v=GvpwfQ9xmx8
Chemie - simpleclub;Classification of isomers;https://www.youtube.com/watch?v=gcmttPUy5WA
Chemie - simpleclub;Secret ink - what's behind it?;https://www.youtube.com/watch?v=sLEIHzlWISQ
Chemie - simpleclub;Iron - More than just nails - #TheSimpleShort;https://www.youtube.com/watch?v=FaW_mXRKONo
Chemie - simpleclub;Cane sugar inversion - what is it?;https://www.youtube.com/watch?v=mMV_ENWpdyw
Chemie - simpleclub;Power to Gas  Energy Storage of the Future? (Fast Forward Science);https://www.youtube.com/watch?v=glNTtJyR_eI
Chemie - simpleclub;Silicon - The computer chip material? - #TheSimpleShort;https://www.youtube.com/watch?v=8ElCE77m4F4
Chemie - simpleclub;Polarimeter - How does it work?;https://www.youtube.com/watch?v=l_G34WeJjgs
Chemie - simpleclub;Artificial trees - How do you get CO2 out of the air?;https://www.youtube.com/watch?v=4R8k0EHgcGM
Chemie - simpleclub;Chlorine - The typical swimming pool smell?! - #TheSimpleShort;https://www.youtube.com/watch?v=NtQfsrOJVKY
Chemie - simpleclub;Aromaten - Einführung;https://www.youtube.com/watch?v=CcXnSB_Y7yo
Chemie - simpleclub;Cigarettes - What's in them?;https://www.youtube.com/watch?v=t8RvsNf3ppg
Chemie - simpleclub;Carbon - Not just important for charcoal! - #TheSimpleShort;https://www.youtube.com/watch?v=9Mwufl_fU5g
Chemie - simpleclub;Why does beer foam when you hit a bottle on it?;https://www.youtube.com/watch?v=QpTX0351xyM
Chemie - simpleclub;Oxygen - How long can you survive without it? - #TheSimpleShort;https://www.youtube.com/watch?v=NiOAneyI-7g
Chemie - simpleclub;Ideale Gasgleichung - Was kann die?;https://www.youtube.com/watch?v=q2LBfTE6LI0
Chemie - simpleclub;Joule-Thomson effect - Why is deodorant cold?;https://www.youtube.com/watch?v=QeeXvVR1weg
Chemie - simpleclub;Gold  How much is there? - TheSimpleShort;https://www.youtube.com/watch?v=Fw-o7YsZRC4
Chemie - simpleclub;Classification of substances - pure substances and mixtures;https://www.youtube.com/watch?v=-q5BkTzBybE
Chemie - simpleclub;Polycondensation - plastics production;https://www.youtube.com/watch?v=28i_5DlbyC4
Chemie - simpleclub;Titration - What do you do?;https://www.youtube.com/watch?v=K7PrbjIkZFg
Chemie - simpleclub;How was rubber discovered?;https://www.youtube.com/watch?v=mCP2c3PN-2k
Chemie - simpleclub;Polyaddition explained - Plastics production;https://www.youtube.com/watch?v=bWh73rCI0O0
Chemie - simpleclub;R and S nomenclature;https://www.youtube.com/watch?v=SKxNs1MF4Xc
Chemie - simpleclub;The Bhopal disaster;https://www.youtube.com/watch?v=4j3n-AWz2UY
Chemie - simpleclub;Polymerization explained - Plastics production;https://www.youtube.com/watch?v=yB_QThdMSvk
Chemie - simpleclub;Enantiomere;https://www.youtube.com/watch?v=es-60Hf9nJE
Chemie - simpleclub;Die fetteste Explosion - Die Explosion des Oppauer Stickstoffwerkes;https://www.youtube.com/watch?v=fm9o6PrTAWU
Chemie - simpleclub;Thermosets - Plastics;https://www.youtube.com/watch?v=_Q0KDYHMxCU
Chemie - simpleclub;Isotope;https://www.youtube.com/watch?v=0tKdDWpuZjY
Chemie - simpleclub;Make your own gold?! - Alchemy;https://www.youtube.com/watch?v=anVO8Y1LlqE
Chemie - simpleclub;Elastomers / Elastoplasts - Plastics;https://www.youtube.com/watch?v=YtdPaDlGrK0
Chemie - simpleclub;Smoldering chip test - detection of oxygen;https://www.youtube.com/watch?v=tBNHabOkMYI
Chemie - simpleclub;Warum stinkt das Stinktier? chemisch betrachtet;https://www.youtube.com/watch?v=D6PFRDe0D-Y
Chemie - simpleclub;Thermodynamic systems;https://www.youtube.com/watch?v=tR1rEQ28gqA
Chemie - simpleclub;Separation process;https://www.youtube.com/watch?v=Euhwe0QhNxs
Chemie - simpleclub;Gibbs-Helmholtz equation and entropy;https://www.youtube.com/watch?v=xPF2hn6DPNg
Chemie - simpleclub;Balancing reaction equations - exercises;https://www.youtube.com/watch?v=HhaZQcWWulQ
Chemie - simpleclub;The 5 most important chemical discoveries;https://www.youtube.com/watch?v=Wf5ay383Aow
Chemie - simpleclub;Thermoplastics  Plastics;https://www.youtube.com/watch?v=Il6hPdAkdfA
Chemie - simpleclub;Air  What is it made of?;https://www.youtube.com/watch?v=G9OuwPRo8MM
Chemie - simpleclub;Smoking at the gas station - is it dangerous?;https://www.youtube.com/watch?v=6GKCiV1HHyE
Chemie - simpleclub;Hess's theorem;https://www.youtube.com/watch?v=zzSzeIe4SlE
Chemie - simpleclub;Viscosity - What is it?;https://www.youtube.com/watch?v=ySXAD3UF7KY
Chemie - simpleclub;How are photos developed?;https://www.youtube.com/watch?v=nxMl_DvMOvk
Chemie - simpleclub;Reaktionsenthalpie - Standardbildungsenthalpie;https://www.youtube.com/watch?v=ifgaQAlL35U
Chemie - simpleclub;Molar volume - what is it?;https://www.youtube.com/watch?v=SDnwoQzY8-k
Chemie - simpleclub;How old is Ötzi? - Radiocarbon dating;https://www.youtube.com/watch?v=CrhdfiPEpu0
Chemie - simpleclub;Buffer equation / Henderson-Hasselbalch equation;https://www.youtube.com/watch?v=Hi_O8oNUrUM
Chemie - simpleclub;Next;https://www.youtube.com/watch?v=q_Sz5cklfmg
Chemie - simpleclub;Aspirin  The headache killer?;https://www.youtube.com/watch?v=EjtiGhoKlkI
Chemie - simpleclub;Find out molecular formulas;https://www.youtube.com/watch?v=X9vV9JYQ_IM
Chemie - simpleclub;What is graphene?;https://www.youtube.com/watch?v=SHL6ONKbbtw
Chemie - simpleclub;reaction speed;https://www.youtube.com/watch?v=HrEtl5mVRmM
Chemie - simpleclub;Dichte  Was ist das?;https://www.youtube.com/watch?v=f1fly9JUxsk
Chemie - simpleclub;The Nobel Prize  The Story of Alfred Nobel;https://www.youtube.com/watch?v=hKwHGyeym34
Chemie - simpleclub;Le Chatelier  The principle of least constraint;https://www.youtube.com/watch?v=Xdwtuh3HeQE
Chemie - simpleclub;Metals and semimetals;https://www.youtube.com/watch?v=bs317IVBqEI
Chemie - simpleclub;Hair, what is it made of?!;https://www.youtube.com/watch?v=Yj9ZIKja62Y
Chemie - simpleclub;Nachweisreaktion CO2 und Wasser;https://www.youtube.com/watch?v=EuQoXNxcG2U
Chemie - simpleclub;diamonds;https://www.youtube.com/watch?v=XZlTFLGE-10
Chemie - simpleclub;Autoprotolysis of water - pH and pOH value;https://www.youtube.com/watch?v=6L_vSyIGdMk
Chemie - simpleclub;Solubility simply explained - Basics;https://www.youtube.com/watch?v=O2ewhsFAArI
Chemie - simpleclub;BREAKING BAD - Making Crystal Meth?!;https://www.youtube.com/watch?v=qOub8j76KJc
Chemie - simpleclub;Determine pH value experimentally;https://www.youtube.com/watch?v=ZZLuo1klIc4
Chemie - simpleclub;What are oxidation numbers?!;https://www.youtube.com/watch?v=5pItd8S7UZU
Chemie - simpleclub;How is biogas produced?;https://www.youtube.com/watch?v=zBFio2iFTqk
Chemie - simpleclub;Calculate pH value;https://www.youtube.com/watch?v=_jAvNrh15sk
Chemie - simpleclub;Simple chemical reactions;https://www.youtube.com/watch?v=66T22cSw-34
Chemie - simpleclub;What is mustard gas?;https://www.youtube.com/watch?v=m4r5rtWl7c8
Chemie - simpleclub;Brønsted acid-base theory;https://www.youtube.com/watch?v=--y5LNJiAlo
Chemie - simpleclub;Mol / Molare Masse;https://www.youtube.com/watch?v=k0yXRRNJDvo
Chemie - simpleclub;Phosphorus bombs  The fire hell;https://www.youtube.com/watch?v=eq-siLjtbtk
Chemie - simpleclub;Proteins;https://www.youtube.com/watch?v=ywN1QY-t99A
Chemie - simpleclub;Boiling point and melting point;https://www.youtube.com/watch?v=1DAm0AU8Rdg
Chemie - simpleclub;Glow sticks - How do they work?;https://www.youtube.com/watch?v=exxUMotr4OA
Chemie - simpleclub;Metallic bonds  simply explained!;https://www.youtube.com/watch?v=Z6L8LD4EV3w
Chemie - simpleclub;Sunscreens - How do they protect?;https://www.youtube.com/watch?v=LZk0okmjDl4
Chemie - simpleclub;Organische Sauerstoffverbindungen - Übersicht;https://www.youtube.com/watch?v=wn5iOsH5H90
Chemie - simpleclub;Molekülorbitale Modell - Wie funktioniert das?!;https://www.youtube.com/watch?v=2MIEe5YLbFM
Chemie - simpleclub;Fertilizer - What is it?;https://www.youtube.com/watch?v=dzwINwVFar0
Chemie - simpleclub;What is tautomerism?!;https://www.youtube.com/watch?v=byTt9Jzz3P0
Chemie - simpleclub;Atomic orbitals / Atomic orbital model;https://www.youtube.com/watch?v=Pw-MeI_kK-0
Chemie - simpleclub;Snow explained - What is snow?!;https://www.youtube.com/watch?v=nKqnniab1NI
Chemie - simpleclub;Chocolate Santa Claus - Why does he taste so good?;https://www.youtube.com/watch?v=UjyO9KgIVrI
Chemie - simpleclub;Candles - How do they work?;https://www.youtube.com/watch?v=9OE978pQjiA
Chemie - simpleclub;Galvanic cell - How does a battery work?;https://www.youtube.com/watch?v=IkJFCAPnecQ
Chemie - simpleclub;Mesomerism of Carboxylate Anions;https://www.youtube.com/watch?v=-3iKXqSOQmU
Chemie - simpleclub;Electron pair repulsion model;https://www.youtube.com/watch?v=uVk3CRzR238
Chemie - simpleclub;How does a hand warmer work?!;https://www.youtube.com/watch?v=knZWAcE9sjA
Chemie - simpleclub;Esterification;https://www.youtube.com/watch?v=IXm70Nk-9Z4
Chemie - simpleclub;Carbohydrates - Complex sugars;https://www.youtube.com/watch?v=C_O_nHfHmoE
Chemie - simpleclub;Ionengitter & Gitterenergie - Ionenbindung;https://www.youtube.com/watch?v=j6B33FTQyqg
Chemie - simpleclub;How is petroleum extracted?;https://www.youtube.com/watch?v=TT31JjjXnVc
Chemie - simpleclub;Carbohydrates - Simple sugars;https://www.youtube.com/watch?v=owNSCqaPtvw
Chemie - simpleclub;What are hydrogen bonds?!;https://www.youtube.com/watch?v=En2hkTeICrc
Chemie - simpleclub;What is lime?!;https://www.youtube.com/watch?v=ItaLf-6bWcY
Chemie - simpleclub;Acid-base pairs;https://www.youtube.com/watch?v=FuAap__7kbA
Chemie - simpleclub;Van der Waals forces/bonds;https://www.youtube.com/watch?v=bXHor4n67Dg
Chemie - simpleclub;Trockeneis (+ Real-Life-Experiment) ft. Techtastisch;https://www.youtube.com/watch?v=lUyl87L0RyE
Chemie - simpleclub;Carboxylic Acids - What are they?!;https://www.youtube.com/watch?v=ZHYZs_Bc12g
Chemie - simpleclub;Dipole-dipole interactions;https://www.youtube.com/watch?v=zKvHQ9QplWY
Chemie - simpleclub;Was ist Pyrotechnik?! - Wie funktioniert das?;https://www.youtube.com/watch?v=FthE_OxdS2Y
Chemie - simpleclub;Oxidation and reduction of carbonyl compounds;https://www.youtube.com/watch?v=7-eFTf2jRAA
Chemie - simpleclub;Bildung von Ionen - Wie werden Ionen gebildet?!;https://www.youtube.com/watch?v=cFP69D20MMQ
Chemie - simpleclub;Chemical reactions of the carbonyl group;https://www.youtube.com/watch?v=aotREnfrF_0
Chemie - simpleclub;What is mesomericism?!;https://www.youtube.com/watch?v=AxtFtfYNrVI
Chemie - simpleclub;What happens in exothermic and endothermic reactions?! (obsolete);https://www.youtube.com/watch?v=Wev9ZHkzgW0
Chemie - simpleclub;How is hydrogen produced?;https://www.youtube.com/watch?v=JzPkhfnOwRI
Chemie - simpleclub;Alcohols and their reactions;https://www.youtube.com/watch?v=aMKDXj6SR1M
Chemie - simpleclub;What is the activation energy?!;https://www.youtube.com/watch?v=uTv0pPiHHTg
Chemie - simpleclub;Production of glass;https://www.youtube.com/watch?v=amY3r7Xvp68
Chemie - simpleclub;What are particles?! - The concept of particles;https://www.youtube.com/watch?v=xOLMMm98H64
Chemie - simpleclub;Production of plastics - How are plastics produced?!;https://www.youtube.com/watch?v=xyyAbGpoakM
Chemie - simpleclub;The states of matter explained simply;https://www.youtube.com/watch?v=XFjxXvv1CNo
Chemie - simpleclub;How is beer made?!;https://www.youtube.com/watch?v=532ZU4tS-m0
Chemie - simpleclub;What is gas chromatography?!;https://www.youtube.com/watch?v=hbGgrFIdDBM
Chemie - simpleclub;How is paper made?!;https://www.youtube.com/watch?v=TNVzQt6uGkU
Chemie - simpleclub;IUPAC Nomenclature - What is the name of the good stuff?!;https://www.youtube.com/watch?v=wyB0zii57dw
Chemie - simpleclub;What are the different atomic models?! - Part 1;https://www.youtube.com/watch?v=vBXaINQwpZ0
Chemie - simpleclub;What is ozone - Why do we need the ozone layer?!;https://www.youtube.com/watch?v=lxQ5kzR6PBI
Chemie - simpleclub;What is biodiesel?!;https://www.youtube.com/watch?v=gvV_H1pj2qA
Chemie - simpleclub;Alkenes, alkynes & Co. - Unsaturated hydrocarbons;https://www.youtube.com/watch?v=U1fbeyocWvU
Chemie - simpleclub;How does the periodic table work?! - Atomic radii and ionic radii;https://www.youtube.com/watch?v=H1E_O-tisv8
Chemie - simpleclub;What properties do alkanes have?!;https://www.youtube.com/watch?v=vt4e-z4c_Q4
Chemie - simpleclub;Electron configuration and noble gas rule;https://www.youtube.com/watch?v=vNNRUNdigW4
Chemie - simpleclub;What atomic models are there?! - Part 2;https://www.youtube.com/watch?v=hwhTXmT1xS4
Chemie - simpleclub;The spherical cloud model and valence electrons;https://www.youtube.com/watch?v=cFBT2UrYrm0
Chemie - simpleclub;What Is the Periodic Table?!;https://www.youtube.com/watch?v=bbjGzpHTKXs
Chemie - simpleclub;What are alkanes and isomers?!;https://www.youtube.com/watch?v=Asdx7h8nGuM
Chemie - simpleclub;Atoms, molecules and ions;https://www.youtube.com/watch?v=7OfrwkiKfnw
Chemie - simpleclub;Hydrocarbons;https://www.youtube.com/watch?v=-O4H_i57r2w
Chemie - simpleclub;How does the fuel cell work?!;https://www.youtube.com/watch?v=8ElTJNCDsTY
Chemie - simpleclub;How is steel made?!;https://www.youtube.com/watch?v=3T5kQfGVb9M
Studyflix;Riddle Questions for Kids | Studyflix;https://www.youtube.com/watch?v=OpMGB1MVD1w
Studyflix;Riddles for Adults | Studyflix;https://www.youtube.com/watch?v=q3kZvc8SJqM
Studyflix;The Best Dark Humor Jokes | Studyflix;https://www.youtube.com/watch?v=qZmSuUSKvZU
Studyflix;Top 10 General Knowledge Questions | Studyflix;https://www.youtube.com/watch?v=4JzUQcFscPw
Studyflix;The Best Dad Jokes of the Year! | Studyflix;https://www.youtube.com/watch?v=w_QLcZsZ2Cc
Studyflix;History Timeline | Studyflix;https://www.youtube.com/watch?v=1n0YIxvW3_g
Studyflix;Countries in Africa | Studyflix;https://www.youtube.com/watch?v=qBU_-sUtOvY
Studyflix;Capitals of Europe | Studyflix;https://www.youtube.com/watch?v=73wDrTXIqN0
Studyflix;Studyflix - Your Added Value in Student Recruitment;https://www.youtube.com/watch?v=5wc_cBXl1w4
Studyflix;German Federal States and Their Capitals | Studyflix;https://www.youtube.com/watch?v=-mrU7esxrJo
Studyflix;Determining Symmetry in Functions | Studyflix;https://www.youtube.com/watch?v=eVJWCnC2BS4
Studyflix;Finding the Antiderivative | Studyflix;https://www.youtube.com/watch?v=V3HQ7KJX06M
Studyflix;Gaussian Elimination | Solving Linear Equations | Studyflix;https://www.youtube.com/watch?v=rIXPkVJ8aec
Studyflix;How to calculate the angle of intersection explained simply | Studyflix;https://www.youtube.com/watch?v=jSXNkHnsldc
Studyflix;Calculating the Intersection of a Line and a Plane | Studyflix;https://www.youtube.com/watch?v=hMwIIwfvadU
Studyflix;Calculating the distance between a point and a line | Studyflix;https://www.youtube.com/watch?v=bLNKwmNOf9o
Studyflix;What is the Hesse Normal Form? | Studyflix;https://www.youtube.com/watch?v=89gCqTCVrHQ
Studyflix;Relative positions of lines  simply explained | Studyflix;https://www.youtube.com/watch?v=TpmZkDPwEvo
Studyflix;Defining & Converting Plane Equations | Studyflix;https://www.youtube.com/watch?v=n5UFIbDJ9l8
Studyflix;1st and 2nd Intercept Theorem with Examples | Studyflix;https://www.youtube.com/watch?v=mEttlzUdulc
Studyflix;Calculating the Intersection Line of Two Planes | Studyflix;https://www.youtube.com/watch?v=9IT6hXfwV-Y
Studyflix;Foot of the perpendicular method - Calculating the distance between a point and a plane | Studyflix;https://www.youtube.com/watch?v=UTIYh8f85nM
Studyflix;INTEGRATION BY PARTS made easy | with exercises + examples | Studyflix;https://www.youtube.com/watch?v=ECMKXeNO8Wk
Studyflix;INTEGRATION BY SUBSTITUTION | Integration formula + several examples | Studyflix;https://www.youtube.com/watch?v=SGbbSFSJufE
Studyflix;DEFINITE AND INDEFINITE INTEGRAL | Everything you need to know! | Studyflix;https://www.youtube.com/watch?v=Va8iqVYqOHA
Studyflix;INTEGRATION RULES at a glance | Calculus under 5 minutes | Studyflix;https://www.youtube.com/watch?v=Nf8hJ9uhBg4
Studyflix;INTEGRATING THE E-FUNCTION | Integration by Parts + Integration by Substitution | Studyflix;https://www.youtube.com/watch?v=pQ44fUKG7_8
Studyflix;INTEGRAL CALCULUS explained simply | Determining integrals + calculating areas | Studyflix;https://www.youtube.com/watch?v=LoP8utlvkZQ
Studyflix;INTEGRATING | Definite and Indefinite Integrals, Antiderivatives + Area Calculation | Studyflix;https://www.youtube.com/watch?v=aBpwY2EzW7A
Studyflix;Calculating INFECTION POINTS | Simple example with step-by-step guide | Studyflix;https://www.youtube.com/watch?v=3AA8d9nkc4k
Studyflix;EXPONENTIAL GROWTH | Explanation + Formula with clear example | Studyflix;https://www.youtube.com/watch?v=F81V7apquBM
Studyflix;Calculating EXTREMA in 4 steps | Determining relative maxima & minima | Curve sketching | Studyflix;https://www.youtube.com/watch?v=RAk94BVKV3U
Studyflix;LIMIT - Calculating Limits | Behavior of Functions at Infinity + Special Cases | Studyflix;https://www.youtube.com/watch?v=khlYA6VGY6U
Studyflix;Complete Curve Analysis | Studyflix;https://www.youtube.com/watch?v=JUL0-Rd6weg
Studyflix;What is a TANGENT? | Step-by-Step Guide to the Tangent Equation | Studyflix;https://www.youtube.com/watch?v=qZpUPn1WASk
Studyflix;VERTEX FORM - What is it? | With conversion from Standard Form  Vertex Form | Studyflix;https://www.youtube.com/watch?v=hXnJqgtThGU
Studyflix;CONVERTING BETWEEN STANDARD FORM AND VERTEX FORM | Explained simply | Studyflix;https://www.youtube.com/watch?v=EZbzfQcJE7Y
Studyflix;HOW TO CALCULATE ZEROS for linear and quadratic functions | finally explained simply! | Studyflix;https://www.youtube.com/watch?v=K1HMg6oR4ew
Studyflix;SOLVING QUADRATIC EQUATIONS with the quadratic formula & factoring | Studyflix;https://www.youtube.com/watch?v=NMZ_CHHsbQA
Studyflix;PQ formula explained simply | Solving equations with the pq formula | Studyflix;https://www.youtube.com/watch?v=lpG9DGjGIr4
Studyflix;THE EXPONENTIAL FUNCTION made easy | all about its properties & composite functions | Studyflix;https://www.youtube.com/watch?v=KbI9WiE0VMM
Studyflix;BINOMIAL FORMULAS | 1st, 2nd & 3rd Binomial Formula with Examples + Derivation | Studyflix;https://www.youtube.com/watch?v=1EoWUw8lMEA
Studyflix;The Speyer Modular Program for the Public Sector  Advancing Your Career Strategically;https://www.youtube.com/watch?v=EEeaTJNP-VY
Studyflix;Supplementary Studies in the Speyer Block Model for Legal Clerkship;https://www.youtube.com/watch?v=iCXO234zEus
Studyflix;The Speyer Block Model for Seconding Authorities  Targeted Professional Development for Staff;https://www.youtube.com/watch?v=grA7_9nSJWc
Studyflix;LOGARITHMS explained simply | With examples + summary | Studyflix;https://www.youtube.com/watch?v=cPAmp_pgmGQ
Studyflix;The Greenhouse Effect Simply Explained -- Studyflix;https://www.youtube.com/watch?v=p0eHqybWwlA
Studyflix;SOLVING SYSTEMS OF LINEAR EQUATIONS | Substitution, Equating, and Addition Methods | Studyflix;https://www.youtube.com/watch?v=VZ8J5POGQTs
Studyflix;Derivatives of Various Functions - Everything You Need to Know! | Studyflix;https://www.youtube.com/watch?v=1Wne-BrEU8E
Studyflix;Partial Derivatives (Explained Quickly and Easily) | Studyflix;https://www.youtube.com/watch?v=C_18xjpuWZw
Studyflix;Differentiating Logarithms (ln Derivative) | Studyflix;https://www.youtube.com/watch?v=BuxMOn9PsA8
Studyflix;Deriving Roots | Studyflix;https://www.youtube.com/watch?v=MRvHdc-d0xY
Studyflix;Graphical Differentiation (Sketching Derivatives) | Studyflix;https://www.youtube.com/watch?v=SpCyE6MEjY8
Studyflix;Derivative of the e-function (Differentiating exponential functions) | Studyflix;https://www.youtube.com/watch?v=SM2qZkR4Quw
Studyflix;Derivative Rules Simply Explained | Studyflix;https://www.youtube.com/watch?v=ZpgCwayywRg
Studyflix;What is a derivative? | Studyflix;https://www.youtube.com/watch?v=_Wtk1SPKszs
Studyflix;Quadratic Functions - Everything You Need to Know!;https://www.youtube.com/watch?v=71lDkaF4Ti0
Studyflix;Linear Functions - Explained Simply!;https://www.youtube.com/watch?v=v7uzHbISINM
Studyflix;Percentage Calculation - Quick and Easy!;https://www.youtube.com/watch?v=vWbHol-hybE
Studyflix;Polynomial Division - Step-by-Step Explained Simply!;https://www.youtube.com/watch?v=L3y4STUAIYo
Studyflix;Exponential Functions - Explained Simply!;https://www.youtube.com/watch?v=s_vpfORFq1M
Studyflix;Trade wind circulation: the most important thing! -- Studyflix;https://www.youtube.com/watch?v=K2T7TagfNC8
Studyflix;Here's how to calculate your A-level grade!;https://www.youtube.com/watch?v=WlHA4YOyjSI
Studyflix;Oral A-Level Exam: How to prepare perfectly!;https://www.youtube.com/watch?v=518obb1NEXY
Studyflix;How many hours a day should you really study for your A-levels?;https://www.youtube.com/watch?v=0-pcleBmcso
Studyflix;This is how you prepare for your A-levels with STUDYFLIX!;https://www.youtube.com/watch?v=htT-XRwZ9yg
Studyflix;Perfect study plan for the Abitur exams: Here's how to create it!;https://www.youtube.com/watch?v=upXokfGFjms
Studyflix;THIS is what you can do if you have no motivation left shortly before your A-levels!;https://www.youtube.com/watch?v=qE8nqTKMbWY
Studyflix;How to write a poem analysis - How to analyze a poem correctly | Understand it in 6 min | Tips & ...;https://www.youtube.com/watch?v=SqHieuYALRw
Studyflix;Ausbildungen mit Hauptschulabschluss - unsere Top 5!;https://www.youtube.com/watch?v=gPMcvsxpHPg
Studyflix;Ausbildungen ohne Schulabschluss: Das musst du wissen!;https://www.youtube.com/watch?v=fnTlEKpWwKg
Studyflix;So nutzt du Studyflix optimal: Anmeldung & Navigation;https://www.youtube.com/watch?v=nD015svhpj4
Studyflix;Ist Studyflix wirklich kostenlos?;https://www.youtube.com/watch?v=rnT-xR4FqXw
Studyflix;Für wen ist Studyflix?;https://www.youtube.com/watch?v=NJIuxG2NyQo
Studyflix;Was ist Studyflix? Die Lernplattform für dich!;https://www.youtube.com/watch?v=00RP-A3Pyok
Studyflix;Bäckereifachverkäufer/in: Das Wichtigste zur Ausbildung!;https://www.youtube.com/watch?v=p3q7Wh1uJiA
Studyflix;Technische/r Produktdesigner/in: Das Wichtigste zur Ausbildung!;https://www.youtube.com/watch?v=CQAW6UsV8Xo
Studyflix;Fachkraft für Lebensmitteltechnik: Das Wichtigste zur Ausbildung!;https://www.youtube.com/watch?v=wN39ve5QymQ
Studyflix;Bäcker/in: Das Wichtigste zur Ausbildung!;https://www.youtube.com/watch?v=ftgnMVmQzMs
Studyflix;Maschinen- und Anlagenführer/in: Das Wichtigste zur Ausbildung!;https://www.youtube.com/watch?v=YX1N-5KfuXo
Studyflix;Kosmetiker/in (staatlich geprüft): Das Wichtigste zur Ausbildung!;https://www.youtube.com/watch?v=BMe1NiZppg4
Studyflix;Restaurantfachmann/-frau: Das Wichtigste zur Ausbildung!;https://www.youtube.com/watch?v=wMhgs-VNnYU
Studyflix;Land- und Baumaschinenmechatroniker/in: Das Wichtigste zur Ausbildung!;https://www.youtube.com/watch?v=wOUMUypngrU
Studyflix;Maurer/in: Das Wichtigste zur Ausbildung!;https://www.youtube.com/watch?v=zT6u9ffWmWo
Studyflix;Bauzeichner/in: Das Wichtigste zur Ausbildung!;https://www.youtube.com/watch?v=NFyhXdjHCo0
Studyflix;Beton- und Stahlbetonbauer/in: Das Wichtigste zur Ausbildung!;https://www.youtube.com/watch?v=FKZZjXZGEoQ
Studyflix;Ingenieurwissenschaften-Studium: Das musst du wissen!;https://www.youtube.com/watch?v=0lgA4mVeiVs
Studyflix;Wie werde ich glücklich? So lernst du es!;https://www.youtube.com/watch?v=xyeKjGd2IcA
Studyflix;Funktioniert Manifestieren wirklich? So lernst du es!;https://www.youtube.com/watch?v=bsHUCzGkaqQ
Studyflix;Positives Mindset: Deine Einstellung bestimmt dein Leben!;https://www.youtube.com/watch?v=B5rYvnC5Ars
Studyflix;Wertvolle Tipps: So kontrollierst du deine Emotionen;https://www.youtube.com/watch?v=O0N5CrXBqgE
Studyflix;Grenzen setzen: Wie du "Nein" sagen kannst;https://www.youtube.com/watch?v=Xphn3_z7KDc
Studyflix;Gedankenkarussell stoppen: Das kannst du tun!;https://www.youtube.com/watch?v=gqut8otIwSU
Studyflix;So beendest du dein Overthinking - 5 nützliche Tipps!;https://www.youtube.com/watch?v=DBS6tBXRfwg
Studyflix;Antriebslosigkeit & Erschöpfung - das kannst du dagegen tun!;https://www.youtube.com/watch?v=G-aC7Xe4H2c
Studyflix;Wie du am besten mit Überforderung umgehst;https://www.youtube.com/watch?v=3w0eTiksrXc
Studyflix;So verbesserst du dein Zeitmanagement!  - 10 Tipps;https://www.youtube.com/watch?v=wLHPgcOekvw
Studyflix;So hältst du überzeugende Präsentationen! Tpps & Tricks;https://www.youtube.com/watch?v=SLXXVpzPB5k
Studyflix;Wusstest du, dass ChatGPT das alles kann? - Verblüffende Beispiele;https://www.youtube.com/watch?v=_eBikEJyw0M
Studyflix;Überzeugendes Bewerbungsschreiben mit ChatGPT - mit diesen Tricks!;https://www.youtube.com/watch?v=2nSS9c6YuQU
Studyflix;So hilft GPT dir bei den Hausaufgaben! - ChatGPT sinnvoll nutzen;https://www.youtube.com/watch?v=I31xSUeiATw
Studyflix;ChatGPT im Studium - so solltest du GPT für dich nutzen!;https://www.youtube.com/watch?v=dc5PUzgUBSQ
Studyflix;ChatGPT Tipps und Tricks - so kriegst du die besten Ergebnisse!;https://www.youtube.com/watch?v=v56YTbjh630
Studyflix;So schreibst du richtig gute Texte mit KI! - die besten Prompts;https://www.youtube.com/watch?v=AolA_G3AbHc
Studyflix;So nutzt du KI für dich! - Produktiver werden mit ChatGPT;https://www.youtube.com/watch?v=yuK_7mQZkqY
Studyflix;So funktioniert ChatGPT! - Das Wichtigste in unter 4 Minuten;https://www.youtube.com/watch?v=AbBfTL17Vos
Studyflix;Grundschullehramt-Studium: Das musst du wissen!;https://www.youtube.com/watch?v=ZjR3hh0lEFU
Studyflix;Soziale Arbeit Studium: Das musst du wissen!;https://www.youtube.com/watch?v=h84aOz3SLDw
Studyflix;VWL-Studium: Das musst du wissen!;https://www.youtube.com/watch?v=brkhTiMzR70
Studyflix;Wirtschaftsingenieurwesen-Studium: Das musst du wissen!;https://www.youtube.com/watch?v=reFkkP8Od6w
Studyflix;Verfahrenstechnik-Studium: Das musst du wissen!;https://www.youtube.com/watch?v=cNjIInJdexg
Studyflix;Pharmazie-Studium: Das musst du wissen!;https://www.youtube.com/watch?v=bf5IZwa6UIg
Studyflix;Marketing-Studium: Das musst du wissen!;https://www.youtube.com/watch?v=Ijxz4Tz9QQ8
Studyflix;Mechanical Engineering Degree: What You Need to Know!;https://www.youtube.com/watch?v=v-4OI6J79AM
Studyflix;Bauingenieurwesen Studium: Das musst du wissen!;https://www.youtube.com/watch?v=oVRCFQ52r8E
Studyflix;BWL-Studium: Das musst du wissen!;https://www.youtube.com/watch?v=YQc_kGAypUA
Studyflix;Zeitzonen der Erde: Alles was du wissen musst! - Studyflix;https://www.youtube.com/watch?v=jXe-rUp5hw8
Studyflix;Vulkanismus: Alles über Vulkanausbrüche! - Studyflix;https://www.youtube.com/watch?v=rwzDFqtkM20
Studyflix;Was ist ein Tsunami? So entsteht er! - Studyflix;https://www.youtube.com/watch?v=0J-wtWMAZb4
Studyflix;So entstehen Hurrikans! - Studyflix;https://www.youtube.com/watch?v=ES-v7a1NZ80
Studyflix;Gesteinskreislauf & Gesteinsarten: Das musst du wissen! - Studyflix;https://www.youtube.com/watch?v=hgkqdTFWvJU
Studyflix;Desertifikation: So entstehen Wüsten! - Studyflix;https://www.youtube.com/watch?v=3D29OOTFiQg
Studyflix;How to Write Emails in English: What You Need to Know! - Studyflix;https://www.youtube.com/watch?v=1rU781-u6KY
Studyflix;Speech Analysis: So geht eine Redeanalyse in Englisch - Studyflix;https://www.youtube.com/watch?v=dIRKaaIt0y8
Studyflix;Fictional Text Analysis: Heres How to Write One! - Studyflix;https://www.youtube.com/watch?v=tkw9QARo8V4
Studyflix;How to write a characterization in English: A step-by-step guide! - Studyflix;https://www.youtube.com/watch?v=z71aG_mBPn4
Studyflix;Report schreiben Englisch: So machst du es! - Studyflix;https://www.youtube.com/watch?v=pGZbcWVUDHw
Studyflix;Essay Englisch: So schreibst du einen Essay! - Studyflix;https://www.youtube.com/watch?v=4sICMVyWHYo
Studyflix;Gerund or infinitive: The most important rules! - Studyflix;https://www.youtube.com/watch?v=HyiRgU8N8t8
Studyflix;Relative clauses: who, which, that explained simply! - Studyflix;https://www.youtube.com/watch?v=4dGMqKIXAZ0
Studyflix;Stilmittel Englisch: rhetorical devices Beispiele & Wirkung;https://www.youtube.com/watch?v=RhAyi2XLCcI
Studyflix;Simple Past: Das Wichtigste einfach erklärt! - Studyflix;https://www.youtube.com/watch?v=sbmH1aWySR4
Studyflix;English Tenses: The Essentials! - Studyflix;https://www.youtube.com/watch?v=DzH2qqChR0M
Studyflix;Deutsche Bundesländer: Alle auf einen Blick! - Studyflix;https://www.youtube.com/watch?v=sV8t8SlSVvA
Studyflix;So entstehen Blitz & Donner: Alles auf einen Blick - Studyflix;https://www.youtube.com/watch?v=aMuhRkWu4eY
Studyflix;Aufbau der Erde: Erdschichten einfach erklärt - Studyflix;https://www.youtube.com/watch?v=2COxsqO5CGo
Studyflix;Atmosphäre: das Wichtigste einfach erklärt - Studyflix;https://www.youtube.com/watch?v=-puSlbwNDbI
Studyflix;Friedhofsgärtner -  Ausbildung, Aufgaben, Gehalt;https://www.youtube.com/watch?v=qGs24p4bc74
Studyflix;Plate Tectonics: Everything You Need to Know! - Studyflix;https://www.youtube.com/watch?v=JGytK6UiQE0
Studyflix;Wie entstehen Erdbeben? einfach erklärt! - Studyflix;https://www.youtube.com/watch?v=jlrDCeql8tk
Studyflix;Schildvulkan & Schichtvulkan: Das musst du wissen!  - Studyflix;https://www.youtube.com/watch?v=4R15exEc-Es
Studyflix;Kontinente und Ozeane: Spannende Fakten - Studyflix;https://www.youtube.com/watch?v=Fdk1MTR99Ko
Studyflix;Tides: How They Work! - Studyflix;https://www.youtube.com/watch?v=5Mp1_vEd2vg
Studyflix;Meeresströmungen: einfach erklärt - Studyflix;https://www.youtube.com/watch?v=rIepGGKtlq8
Studyflix;Weltwirtschaftskrise 1929: Das Wichtigste für dich! - Studyflix;https://www.youtube.com/watch?v=4bVHDiOui2E
Studyflix;Goldene Zwanziger: Das musst du wissen! - Studyflix;https://www.youtube.com/watch?v=3VFhUQ-t_Ug
Studyflix;Weimar Republic: The Essentials! - Studyflix;https://www.youtube.com/watch?v=WHVN93ry7LQ
Studyflix;Novemberrevolution: Das Wichtigste! - Studyflix;https://www.youtube.com/watch?v=4yFULHKhlH4
Studyflix;Gutachtenstil einfach erklärt - Studyflix;https://www.youtube.com/watch?v=q3Wei4rNjWY
Studyflix;Willenserklärung: Das solltest du wissen! - Studyflix;https://www.youtube.com/watch?v=TMnw5I5_gLI
Studyflix;Prokura: Das solltest du wissen! - Studyflix;https://www.youtube.com/watch?v=8CB3O4Nya4M
Studyflix;Rechtsgeschäfte: das musst du wissen! - Studyflix;https://www.youtube.com/watch?v=_Y3OejXo2qc
Studyflix;Mitternachtsformel (abc-Formel) einfach erklärt - Studyflix;https://www.youtube.com/watch?v=ZFv2BiOvD_E
Studyflix;Determining Monotonicity: Here's how! - Studyflix;https://www.youtube.com/watch?v=WnITKD59npY
Studyflix;Kolloquium Bachelorarbeit: So verteidigst du deine Arbeit! - Studyflix;https://www.youtube.com/watch?v=WfxRjGyvw-s
Studyflix;Fazit Bachelorarbeit: So schreibst du es! - Studyflix;https://www.youtube.com/watch?v=jlcILFNElno
Studyflix;Diskussion Bachelorarbeit: So schreibst du sie! - Studyflix;https://www.youtube.com/watch?v=sDkpThsfPHo
Studyflix;Methodik Bachelorarbeit: So schreibst du sie! - Studyflix;https://www.youtube.com/watch?v=3PdMwJSB39w
Studyflix;Einleitung Bachelorarbeit & Hausarbeit: So geht's! - Studyflix;https://www.youtube.com/watch?v=17FOLaYeXYA
Studyflix;Word Seitenzahl ab Seite 3: So geht's! - Studyflix;https://www.youtube.com/watch?v=EVeg1a5RP6c
Studyflix;Word Seite löschen: So geht's! - Studyflix;https://www.youtube.com/watch?v=O_un9dFlAqw
Studyflix;Fußnote in Word erstellen: So geht's! - Studyflix;https://www.youtube.com/watch?v=_wmsl1iBxEs
Studyflix;Abkürzungsverzeichnis Word: So geht's! - Studyflix;https://www.youtube.com/watch?v=sXsnOaVTgMc
Studyflix;Tabellenverzeichnis Word erstellen: So geht's! - Studyflix;https://www.youtube.com/watch?v=jm5eVC1_99g
Studyflix;Abbildungsverzeichnis Word: So geht's! - Studyflix;https://www.youtube.com/watch?v=v_c8HFYAqmA
Studyflix;How to Create a Table of Contents in Word (Automatic & With Page Numbers) -- Studyflix;https://www.youtube.com/watch?v=DHyCuAVwxY0
Studyflix;Deckblatt erstellen in Word: so geht's! -- Studyflix;https://www.youtube.com/watch?v=T-zQoK8O6C0
Studyflix;Exposé für deine Bachelorarbeit: Das Wichtigste! -- Studyflix;https://www.youtube.com/watch?v=txS78gK5G_Y
Studyflix;Gliederung Bachelorarbeit: Das Wichtigste -- Studyflix;https://www.youtube.com/watch?v=qF79a9ikucc
Studyflix;Bachelorarbeit schreiben: Die besten Tipps & Tricks -- Studyflix;https://www.youtube.com/watch?v=yISbwUSfbwM
Studyflix;Disparitäten: einfach erklärt -- Studyflix;https://www.youtube.com/watch?v=soPKQwK5iA8
Studyflix;Gentrifizierung: einfach erklärt -- Studyflix;https://www.youtube.com/watch?v=sL4LyWh0c3s
Studyflix;Verstädterung: einfach erklärt -- Studyflix;https://www.youtube.com/watch?v=ZRbVK6zpvUU
Studyflix;Orientalische Stadt -- Studyflix;https://www.youtube.com/watch?v=pwxbk819nIk
Studyflix;Lateinamerikanische Stadt -- Studyflix;https://www.youtube.com/watch?v=0pKXfchHwFc
Studyflix;Urbanisierung: einfach erklärt -- Studyflix;https://www.youtube.com/watch?v=rTrNSrx2OT8
Studyflix;Narrative Perspective: Point of view -- Studyflix;https://www.youtube.com/watch?v=6TXR3gcOhAU
Studyflix;Useful phrases: nützliche Satzanfänge -- Studyflix;https://www.youtube.com/watch?v=V3sffeJf564
Studyflix;Non-fictional text analysis: How to -- Studyflix;https://www.youtube.com/watch?v=Q28G_AW4VxA
Studyflix;Writing a Summary: How to write a summary -- Studyflix;https://www.youtube.com/watch?v=2w_pbUrVZHY
Studyflix;Discussion English: Pro & Contra Discussion -- Studyflix;https://www.youtube.com/watch?v=ekR9ciwcEKc
Studyflix;How to Write a Comment in English: Tips for Success -- Studyflix;https://www.youtube.com/watch?v=L7VkpQ9dNlo
Studyflix;Studyflix - E-Learning für Nachwuchskräfte;https://www.youtube.com/watch?v=tanlzl48SVU
Studyflix;Cartoon analysis: How to write a good cartoon analysis -- Studyflix;https://www.youtube.com/watch?v=GAaM-ZMlLJQ
Studyflix;Studyflix - Dein Mehrwert im Recruiting;https://www.youtube.com/watch?v=vYh_vZhJS_I
Studyflix;Suburbanisierung: einfach erklärt -- Studyflix;https://www.youtube.com/watch?v=lxuqQj_N1f8
Studyflix;Jahreszeiten: Wie entstehen sie? -- Studyflix;https://www.youtube.com/watch?v=K7NQH7XKWf0
Studyflix;Luftdruck einfach erklärt -- Studyflix;https://www.youtube.com/watch?v=lDrOc0KaEtY
Studyflix;Sonnenverlauf und Himmelsrichtungen -- Studyflix;https://www.youtube.com/watch?v=SVWAQjICNWE
Studyflix;Wie entstehen Wolken? -- Studyflix;https://www.youtube.com/watch?v=za66JnmUhho
Studyflix;The Earth's Grid: Coordinates and More! -- Studyflix;https://www.youtube.com/watch?v=pEdiOJbdz6c
Studyflix;Warum ist der Himmel blau? -- Studyflix;https://www.youtube.com/watch?v=NUELi2t__II
Studyflix;How to Interpret a Climate Diagram: A Step-by-Step Guide -- Studyflix;https://www.youtube.com/watch?v=l86CnrT_YAE
Studyflix;Humides und Arides Klima: Das Wichtigste! -- Studyflix;https://www.youtube.com/watch?v=Rr0LScbQq4k
Studyflix;Wie entsteht Wind: das Wichtigste! -- Studyflix;https://www.youtube.com/watch?v=bAyQDXc43Yg
Studyflix;Tropen: Die Vegetationszonen -- Studyflix;https://www.youtube.com/watch?v=V0OZBTyXLjI
Studyflix;Zyklon: so wandert sie! -- Studyflix;https://www.youtube.com/watch?v=MbYs23ueeyI
Studyflix;Föderalismus: Das Wichtigste! -- Studyflix;https://www.youtube.com/watch?v=1CH21JpcxKM
Studyflix;Separation of Powers: The Essentials! -- Studyflix;https://www.youtube.com/watch?v=__Wdzpu4OYI
Studyflix;Monarchie: Das Wichtigste! -- Studyflix;https://www.youtube.com/watch?v=pNg2q94LBaM
Studyflix;Absolutismus: Das Wichtigste! -- Studyflix;https://www.youtube.com/watch?v=_l66TxjgpHE
Studyflix;Imperialismus: Das Wichtigste! -- Studyflix;https://www.youtube.com/watch?v=djGZdsu2nsw
Studyflix;Kapitalismus: Das Wichtigste! -- Studyflix;https://www.youtube.com/watch?v=r5DsxEGkwGs
Studyflix;Kommunismus: Das Wichtigste! -- Studyflix;https://www.youtube.com/watch?v=f16JsJ-0R1Q
Studyflix;Fruchtfliegen loswerden - schnell und einfach | Studyflix;https://www.youtube.com/watch?v=Wjv9h4YUWxw
Studyflix;Tomate Obst oder Gemüse -- das ist die Antwort;https://www.youtube.com/watch?v=fwAbcaKYCXA
Studyflix;Wie viele Spinnen isst man im Schlaf? - Stimmt der Mythos?;https://www.youtube.com/watch?v=nyHGdqo9tXY
Studyflix;Handschriften verbessern - die besten Tipps für perfekte Handschrift!;https://www.youtube.com/watch?v=3cWIfybMAjw
Studyflix;Obst oder Gemüse -- Was ist der Unterschied?;https://www.youtube.com/watch?v=-jsxZ8sxC0A
Studyflix;Erste Wohnung Checkliste - daran musst du denken!;https://www.youtube.com/watch?v=TsE3Fsl_qSM
Studyflix;Die besten Fragen zum Kennenlernen - 100 Fragen;https://www.youtube.com/watch?v=f3PoNGhXrEg
Studyflix;Online Geld verdienen -- so funktioniert's wirklich!;https://www.youtube.com/watch?v=LvDFq7DYpeo
Studyflix;Die besten Schülerjobs ab 16 -- Geld verdienen!;https://www.youtube.com/watch?v=dAvMoTvIhaM
Studyflix;Bestbezahlte Ferienjobs -- So bewirbst du dich!;https://www.youtube.com/watch?v=bVUmmUCX6rY
Studyflix;Schülerpraktikum -- Das solltest du wissen!;https://www.youtube.com/watch?v=wWX2uWuNe0M
Studyflix;Kündigung Ausbildung - alles was du wissen musst!;https://www.youtube.com/watch?v=pwBa24oIdfA
Studyflix;Bewerbung Ausbildung - so geht's richtig!;https://www.youtube.com/watch?v=7IYVUvyFGz8
Studyflix;Ausbildung abbrechen - Was du beachten solltest!;https://www.youtube.com/watch?v=skoDuGHx5Kw
Studyflix;Anschreiben Bewerbung Ausbildung - So geht's richtig!;https://www.youtube.com/watch?v=jTkRk_ihYBw
Studyflix;Ausbildung verkürzen -- Das musst du wissen!;https://www.youtube.com/watch?v=VODKS31B3_Q
Studyflix;Berichtsheft Ausbildung - so schreibst du es!;https://www.youtube.com/watch?v=iIa4sGscJAI
Studyflix;Probezeit Ausbildung - Das musst du wissen!;https://www.youtube.com/watch?v=FZti2QOjaRM
Studyflix;Einstellungstest - Das musst du wissen!;https://www.youtube.com/watch?v=7p3UPueRQZc
Studyflix;Welcher Beruf passt zu mir? So findest du deinen Traumjob!;https://www.youtube.com/watch?v=ruJTPQ8Whm4
Studyflix;Schulische Ausbildung - Das Wichtigste!;https://www.youtube.com/watch?v=M1OZqlQqIds
Studyflix;Duale Ausbildung - Das Wichtigste!;https://www.youtube.com/watch?v=M7oH-N6RpuA
Studyflix;Vorstellungsgespräch Ausbildung - die besten Tipps zur Vorbereitung!;https://www.youtube.com/watch?v=uhVBExC7CxE
Studyflix;Lebenslauf Ausbildung - so schreibst du ihn richtig!;https://www.youtube.com/watch?v=MCnaX4kZ8_g
Studyflix;Eventmanager -- Ausbildung, Aufgaben, Gehalt;https://www.youtube.com/watch?v=6zzWUhP6vEM
Studyflix;Pilot/in werden -- Ausbildung, Aufgaben, Gehalt;https://www.youtube.com/watch?v=trT9VgHfVfc
Studyflix;Pflegeberufe -- Die Top 20!;https://www.youtube.com/watch?v=gxxL0Rwhj_U
Studyflix;Handwerksberufe -- Die Top 20!;https://www.youtube.com/watch?v=bu8jqdjO3KM
Studyflix;Gärtnerin - Ausbildung, Aufgaben, Gehalt;https://www.youtube.com/watch?v=_nqL7VWhI2U
Studyflix;Koch / Köchin - Ausbildung, Aufgaben, Gehalt;https://www.youtube.com/watch?v=6cTqXF2sDtU
Studyflix;Maler und Lackierer - Ausbildung, Aufgaben, Gehalt;https://www.youtube.com/watch?v=_5Z5HhXn6Bk
Studyflix;Metallbauer - Ausbildung, Aufgaben, Gehalt;https://www.youtube.com/watch?v=s4QgS0bjynw
Studyflix;Kauffrau im Gesundheitswesen - Ausbildung, Aufgaben, Gehalt;https://www.youtube.com/watch?v=Z5ffMgZAGmI
Studyflix;Versicherungskaufmann/-frau - Ausbildung, Aufgaben, Gehalt;https://www.youtube.com/watch?v=GDJ4flD-aRU
Studyflix;Rechtsanwaltsfachangestellte - Ausbildung, Aufgaben, Gehalt;https://www.youtube.com/watch?v=1isrYjHHxOs
Studyflix;Industriemechaniker - Ausbildung, Aufgaben, Gehalt;https://www.youtube.com/watch?v=j2f4ClZutKI
Studyflix;Friseur - Ausbildung, Aufgaben, Gehalt;https://www.youtube.com/watch?v=rMALpD4C2D0
Studyflix;Hotelfachfrau - Ausbildung, Aufgaben, Gehalt;https://www.youtube.com/watch?v=gBw5WtyGxL8
Studyflix;Bankkaufmann/-frau -- Ausbildung, Aufgaben, Gehalt;https://www.youtube.com/watch?v=oEQI9q0mfYQ
Studyflix;Wholesale and Foreign Trade Management Assistant - Training, Duties, Salary;https://www.youtube.com/watch?v=OcC82bq0YjA
Studyflix;Bestbezahlte Ausbildungsberufe;https://www.youtube.com/watch?v=ZW-yGfr-tS8
Studyflix;Soziale Berufe -- Die Top 20!;https://www.youtube.com/watch?v=29F1gPVQhAg
Studyflix;Kaufmännische Berufe -- Die Top 20!;https://www.youtube.com/watch?v=G6abYhF04RY
Studyflix;Mechatroniker - Ausbildung, Aufgaben und Gehalt;https://www.youtube.com/watch?v=4-BDxeQRKPw
Studyflix;Verkäufer/in - Ausbildung, Aufgaben und Gehalt;https://www.youtube.com/watch?v=1_Y9MAW685w
Studyflix;Zahnmedizinische Fachangestellte - Ausbildung, Aufgaben und Gehalt;https://www.youtube.com/watch?v=3CpRrZFP8Wc
Studyflix;Elektroniker -- Ausbildung, Aufgaben, Gehalt;https://www.youtube.com/watch?v=tbesoeG2_SI
Studyflix;Zerspanungsmechaniker -- Ausbildung, Aufgaben, Gehalt;https://www.youtube.com/watch?v=Rg_BIdStL9Y
Studyflix;Anlagenmechaniker -- Ausbildung, Aufgaben, Gehalt;https://www.youtube.com/watch?v=Aij0tUD4kbE
Studyflix;Chemielaborant/in -- Ausbildung, Aufgaben, Gehalt;https://www.youtube.com/watch?v=syElB3cv-O8
Studyflix;Carpenter - Apprenticeship, Tasks, Salary;https://www.youtube.com/watch?v=EzAvJtx7d5Q
Studyflix;Immobilienkaufmann - Ausbildung, Aufgaben, Gehalt;https://www.youtube.com/watch?v=Fc61xvlko40
Studyflix;Altenpfleger - Ausbildungen, Aufgaben, Gehalt;https://www.youtube.com/watch?v=HkL_MFYkrP4
Studyflix;Fachlagerist - Ausbildung, Aufgaben, Gehalt;https://www.youtube.com/watch?v=uRYwUBfWSbY
Studyflix;Industriekaufmann - Ausbildung, Aufgaben, Gehalt;https://www.youtube.com/watch?v=lUpV8KHPoFA
Studyflix;Tierpfleger - Ausbildung, Aufgaben, Gehalt;https://www.youtube.com/watch?v=AqYkXWAS8zI
Studyflix;Einzelhandelskaufmann - Ausbildung, Aufgaben, Gehalt;https://www.youtube.com/watch?v=t2RS9J14S9s
Studyflix;Physical Therapist: Training, Responsibilities, Salary;https://www.youtube.com/watch?v=KrEiJNQJN1Q
Studyflix;Fluglotse - Ausbildung, Aufgaben, Gehalt;https://www.youtube.com/watch?v=sn9zXKbJu1o
Studyflix;Fotograf - Ausbildung, Aufgaben, Gehalt;https://www.youtube.com/watch?v=EbUQcE8G7CA
Studyflix;Dachdecker - Ausbildung, Aufgaben, Gehalt;https://www.youtube.com/watch?v=MUkkfWXGfo4
Studyflix;Automobilkaufmann - Ausbildung, Aufgaben, Gehalt;https://www.youtube.com/watch?v=vTn8vXRh2e8
Studyflix;MFA - Medizinische Fachangestellte Ausbildung, Aufgaben, Gehalt;https://www.youtube.com/watch?v=hABB2-QhCVc
Studyflix;Verwaltungsfachangestellte - Ausbildung, Aufgaben, Gehalt;https://www.youtube.com/watch?v=XjPEMjacWDk
Studyflix;Tax Clerk - Training, Tasks, Salary;https://www.youtube.com/watch?v=A9ndzsV3TsM
Studyflix;Mediengestalter Digital und Print - Ausbildung, Aufgaben, Gehalt;https://www.youtube.com/watch?v=hSq2OUQq9aA
Studyflix;Preschool Teacher - Training, Duties, Salary;https://www.youtube.com/watch?v=01tQz93a7YU
Studyflix;Fachinformatiker für Systemintegration - Ausbildung, Aufgaben, Gehalt;https://www.youtube.com/watch?v=20Hm8R6GSDk
Studyflix;KFZ Mechatroniker/in - Ausbildung, Aufgaben, Gehalt;https://www.youtube.com/watch?v=JxWvujEbwfU
Studyflix;Kaufmann / Kauffrau für Büromanagement - Ausbildung, Aufgaben, Gehalt;https://www.youtube.com/watch?v=zRr0ThME20U
Studyflix;How to write a position paper | simply explained;https://www.youtube.com/watch?v=yXcJhb_sGMA
Studyflix;How to write a report | simply explained;https://www.youtube.com/watch?v=g80pyB47Ga0
Studyflix;How to write a letter to the editor | Simply explained;https://www.youtube.com/watch?v=6kHUri9Iuhk
Studyflix;How to Analyze a Poem | Explained Simply;https://www.youtube.com/watch?v=gv7NydqmaBg
Studyflix;Rhyme Scheme in Poetry | Simply Explained;https://www.youtube.com/watch?v=KbThxOVOGRc
Studyflix;Versmaß bestimmen | einfach erklärt;https://www.youtube.com/watch?v=le7_3hUukD4
Studyflix;Expressionismus Gedichte | Literatur einfach erklärt;https://www.youtube.com/watch?v=hK4KTtHD11w
Studyflix;Deutungshypothese | einfach erklärt;https://www.youtube.com/watch?v=tr5Yf1EY0WE
Studyflix;How to identify meter | simply explained;https://www.youtube.com/watch?v=-rzEdO3WHNE
Studyflix;Kadenz Gedicht | einfach erklärt;https://www.youtube.com/watch?v=TTV9i0fu5bQ
Studyflix;Lyrisches Ich | einfach erklärt;https://www.youtube.com/watch?v=zT01UGl0HDg
Studyflix;Gedichtformen | einfach erklärt;https://www.youtube.com/watch?v=iXI_ewEr4e4
Studyflix;Gedichtvergleich | einfach erklärt;https://www.youtube.com/watch?v=z-RVl8PKEw0
Studyflix;Source-based writing | explained simply;https://www.youtube.com/watch?v=RpfyyJa5f4k
Studyflix;How to Write a Summary | Simply Explained;https://www.youtube.com/watch?v=orM50gW6DcY
Studyflix;How to write a summary | simply explained;https://www.youtube.com/watch?v=X1RNHpUKsRk
Studyflix;Essay schreiben Deutsch | Anleitung & Tipps;https://www.youtube.com/watch?v=jTe0fXCW6Oo
Studyflix;How to Write an Argumentative Essay | The Best Tips & Tricks;https://www.youtube.com/watch?v=SKlhoKT8ApM
Studyflix;How to write a commentary made easy | Tips & Tricks;https://www.youtube.com/watch?v=aQ4pCTTg-VY
Studyflix;Text-Based Argumentative Essay - Explained Simply in 5 Min | Studyflix;https://www.youtube.com/watch?v=FVYJAjOfDhU
Studyflix;How to Write an Argumentative Essay | The Best Tips & Tricks!;https://www.youtube.com/watch?v=ZeaxkvMSLNg
Studyflix;How to Write an Interpretation | Simply Explained;https://www.youtube.com/watch?v=U7i9COadZ2k
Studyflix;Scene Analysis | Explained Simply;https://www.youtube.com/watch?v=A4JtVBQi54Q
Studyflix;Text Analysis German | Explained Simply!;https://www.youtube.com/watch?v=YlcNleg11aQ
Studyflix;Der Trafikant Zusammenfassung (Seethaler);https://www.youtube.com/watch?v=Rg5bMNjmFk8
Studyflix;Woyzeck Zusammenfassung (Büchner);https://www.youtube.com/watch?v=kBRG818QW9I
Studyflix;Der Besuch der alten Dame Zusammenfassung (Dürrenmatt);https://www.youtube.com/watch?v=bA8CqiEzt3Y
Studyflix;Perfume Summary (Süskind);https://www.youtube.com/watch?v=K7StS5xkJKA
Studyflix;Der Steppenwolf Zusammenfassung (Hesse);https://www.youtube.com/watch?v=GAHEc9GxFUA
Studyflix;Emilia Galotti Zusammenfassung (Lessing);https://www.youtube.com/watch?v=nPH8pzfCOxE
Studyflix;Effi Briest Summary (Fontane);https://www.youtube.com/watch?v=QA6vGP0AuwY
Studyflix;Der Vorleser Zusammenfassung (Schlink);https://www.youtube.com/watch?v=mgarT4PKS-Y
Studyflix;Homo Faber Zusammenfassung (Frisch);https://www.youtube.com/watch?v=M569XWddgdY
Studyflix;Kleider machen Leute Zusammenfassung (Keller);https://www.youtube.com/watch?v=8ZUgmozbQCI
Studyflix;Corpus Delicti Zusammenfassung (Juli Zeh);https://www.youtube.com/watch?v=Yb_97Q9dMCk
Studyflix;Der goldne Topf Zusammenfassung (Hoffmann);https://www.youtube.com/watch?v=FDHndgTEqk4
Studyflix;Die Marquise von O Zusammenfassung (Kleist);https://www.youtube.com/watch?v=myzPWEDfnQY
Studyflix;Der gute Mensch von Sezuan Zusammenfassung (Brecht);https://www.youtube.com/watch?v=sNb1eBpj-Vo
Studyflix;Die Leiden des jungen Werther Zusammenfassung (Goethe);https://www.youtube.com/watch?v=Dq-jY5-iUWU
Studyflix;Iphigenia in Tauris Summary (Goethe);https://www.youtube.com/watch?v=s9Zo4hILrWs
Studyflix;Maria Stuart Zusammenfassung (Schiller);https://www.youtube.com/watch?v=_bvaPEwx43k
Studyflix;Wilhelm Tell Zusammenfassung (Schiller);https://www.youtube.com/watch?v=mLANJtalc7c
Studyflix;Die Räuber Zusammenfassung (Schiller);https://www.youtube.com/watch?v=GX2MrxWhagw
Studyflix;Nathan der Weise (Lessing) - Zusammenfassung;https://www.youtube.com/watch?v=-qqOnT326RI
Studyflix;Tschick Zusammenfassung (Wolfgang Herrndorf);https://www.youtube.com/watch?v=J470PoSKH0o
Studyflix;Faust Zusammenfassung (Goethe);https://www.youtube.com/watch?v=nneUptsy0Sk
Studyflix;Die Physiker Zusammenfassung (Dürrenmatt);https://www.youtube.com/watch?v=m2x1NJJqNaI
Studyflix;Der Sandmann Zusammenfassung;https://www.youtube.com/watch?v=B9GrWVmI57c
Studyflix;Die Verwandlung Kafka | Zusammenfassung;https://www.youtube.com/watch?v=kjBbn97SXxo
Studyflix;Kabale und Liebe Zusammenfassung;https://www.youtube.com/watch?v=sw9PkD4hb4k
Studyflix;Relative Clauses Explained Simply | German;https://www.youtube.com/watch?v=Sjpge2LpfqU
Studyflix;Partizip I und II | Deutsch lernen;https://www.youtube.com/watch?v=kNIejuhWlP8
Studyflix;Steigerung von Adjektiven | Deutsch;https://www.youtube.com/watch?v=TZS32PCZK3U
Studyflix;Parts of Speech Explained;https://www.youtube.com/watch?v=1i1JPN4ulaE
Studyflix;Präpositionen deutsch | Erklärung;https://www.youtube.com/watch?v=KT7kz-gMfxE
Studyflix;How to Write a Drama Analysis;https://www.youtube.com/watch?v=_4oPV-vviUk
Studyflix;How to Write an Analysis of a Non-Fiction Text;https://www.youtube.com/watch?v=CgEmt_TkHEo
Studyflix;How to write a character analysis: German;https://www.youtube.com/watch?v=2gz0ByE0OT0
Studyflix;Nominalization of Verbs and Adjectives;https://www.youtube.com/watch?v=JR1lm8JgfeE
Studyflix;Rhetorische Mittel: einfach erklärt;https://www.youtube.com/watch?v=7NOFjm3rvwo
Studyflix;German Verb Tenses: Explained;https://www.youtube.com/watch?v=Dv117U2d3NY
Studyflix;Comma Usage: Rules;https://www.youtube.com/watch?v=lOg8meenL0M
Studyflix;Groß- und Kleinschreibung: Regeln;https://www.youtube.com/watch?v=64jIK0BSooo
Studyflix;Das or dass: Explained Simply!;https://www.youtube.com/watch?v=G0Xils-p2wA
Studyflix;Modal Verbs in English - Simply Explained;https://www.youtube.com/watch?v=0_rIk4z3AR8
Studyflix;Passiv Englisch: einfach erklärt!;https://www.youtube.com/watch?v=pQw6hq5thpg
Studyflix;Past Perfect explained simply (in German)!;https://www.youtube.com/watch?v=3mKb6TsTMVM
Studyflix;Reported Speech Explained in German!;https://www.youtube.com/watch?v=czX-ykbJG7c
Studyflix;If Clauses explained simply! (Type 1, 2, and 3);https://www.youtube.com/watch?v=peWUpb_Tlsg
Studyflix;Mediation in English;https://www.youtube.com/watch?v=9KeOFvctMgo
Studyflix;Linking words englisch - einfach erklärt!;https://www.youtube.com/watch?v=ngXdtOF-SMw
Studyflix;Will Future vs. Going to Future: The difference explained simply!;https://www.youtube.com/watch?v=uVWqFDqIF4A
Studyflix;The Present Perfect Made Easy!;https://www.youtube.com/watch?v=ecMsE-mq9Q8
Studyflix;Simple Present - Explained Simply;https://www.youtube.com/watch?v=Ru0J0xIiMuc
Studyflix;Muscle Contraction Simply Explained!;https://www.youtube.com/watch?v=7J_p3MejT34
Studyflix;Impulse Conduction in the Axon - Saltatory and Continuous;https://www.youtube.com/watch?v=gyzadOX3KwE
Studyflix;Membranpotential einfach erklärt!;https://www.youtube.com/watch?v=NL8mQhz1CXo
Studyflix;Enzyme Inhibition Simply Explained: Competitive, Allosteric, and Uncompetitive Inhibition;https://www.youtube.com/watch?v=MF2GlYM_FDw
Studyflix;Meselson Stahl Experiment einfach erklärt!;https://www.youtube.com/watch?v=apmkYJ_CAuk
Studyflix;DNA-Sequenzierung nach Sanger einfach erklärt!;https://www.youtube.com/watch?v=Z_podTzgO0M
Studyflix;Crossing Over Biologie, Genetik;https://www.youtube.com/watch?v=n8D_VeRufFE
Studyflix;Punktmutation: Stumme, Nonsense- und Missense Mutation einfach erklärt!;https://www.youtube.com/watch?v=WsYaqkYDsCQ
Studyflix;DNA Structure Explained Simply!;https://www.youtube.com/watch?v=xCadGoX8wOI
Studyflix;DNA Replication Simply Explained!;https://www.youtube.com/watch?v=rYFS4kvMAVI
Studyflix;Zellorganellen und ihre Funktionen - einfach erklärt!;https://www.youtube.com/watch?v=upePNQNNDPY
Studyflix;Ecological Niche Simply Explained!;https://www.youtube.com/watch?v=NjwI_VeNm6M
Studyflix;Ökosystem Wald einfach erklärt - Stockwerke, Aufbau und Baumarten;https://www.youtube.com/watch?v=fj_TbIM2MBA
Studyflix;Vegetationszonen & Klimazonen einfach erklärt!;https://www.youtube.com/watch?v=9Al8ZjPiqWg
Studyflix;Klassische Konditionierung - Beispiele, Pawlow´sche Hund, Verhaltenspsychologie | Studyflix;https://www.youtube.com/watch?v=UJ52sPAB4dc
Studyflix;Food Chain - Food Web, Trophic Levels, Ecology | Studyflix;https://www.youtube.com/watch?v=e1Tp0-2jrDA
Studyflix;Biozönose - das Ökosystem einfach erklärt | Studyflix;https://www.youtube.com/watch?v=5CYrxrI_fYc
Studyflix;Massenspektrometer - Erklärung, Funktionsweise & Auswertung | Studyflix;https://www.youtube.com/watch?v=uErU_yQeGA0
Studyflix;Heterogene und Homogene Stoffgemische und Reinstoffe | Studyflix;https://www.youtube.com/watch?v=YqkNPKxKV9I
Studyflix;How to Draw Lewis Structures - Explanation, Example, Notation | Studyflix;https://www.youtube.com/watch?v=eJEH63QszSQ
Studyflix;Funktionelle Gruppen - Übersicht, Tabelle & Erklärung | Studyflix;https://www.youtube.com/watch?v=9m9Dv5ICwC4
Studyflix;Der pKs Wert - Säurestärke, Berechnung, Herleitung;https://www.youtube.com/watch?v=h1kuzqcDYFs
Studyflix;Chromosomen - Funktion & Aufbau | Studyflix;https://www.youtube.com/watch?v=Anw2hn_oLsI
Studyflix;Ribosomes - Translation, Structure & Function | Studyflix;https://www.youtube.com/watch?v=N-LNl2wVfIo
Studyflix;Die Glykolyse - Zellatmung, Stoffabbau & Stoffwechsel | Studyflix;https://www.youtube.com/watch?v=Hyn7GLGcsVg
Studyflix;Bakterienzelle -  Aufbau & Funktion einfach erklärt | Studyflix;https://www.youtube.com/watch?v=_OZpMj_OZGI
Studyflix;Tierzelle vs. Pflanzenzelle - Vergleich | Studyflix;https://www.youtube.com/watch?v=h_Lurb9PGs0
Studyflix;Prokaryoten und Eukaryoten im Vergleich | Studyflix;https://www.youtube.com/watch?v=xgmDD7oI2-c
Studyflix;Endoplasmatisches Retikulum - Aufbau und Funktion;https://www.youtube.com/watch?v=LN7MJ4ZGCaQ
Studyflix;Zellmembran - Aufbau und Funktion;https://www.youtube.com/watch?v=hu37M7pQa-M
Studyflix;Biomembran - Aufbau und Funktion;https://www.youtube.com/watch?v=1I1653XCZyg
Studyflix;Halbwertszeit: berechnen - einfach erklärt;https://www.youtube.com/watch?v=nHNAfdhxszI
Studyflix;Symbiose - Biologie einfach erklärt mit Beispielen!;https://www.youtube.com/watch?v=QFrefttauZ8
Studyflix;Flaschenzug - Grundlagen der Physik einfach erklärt;https://www.youtube.com/watch?v=4VYt1TF5pIE
Studyflix;Chloroplasten - Aufbau einfach erklärt;https://www.youtube.com/watch?v=4K_dI_eWagQ
Studyflix;Geiger Müller Zählrohr - Funktionsweise und Aufbau;https://www.youtube.com/watch?v=hsRAqSP2lZ8
Studyflix;Studyflix - Deine Lernapp! Besser lernen in Schule und Universität;https://www.youtube.com/watch?v=p758oIpJNOQ
Studyflix;Supply and Demand - Simply Explained with Examples!;https://www.youtube.com/watch?v=nJV75nUuO1w
Studyflix;Mechanik (technische Mechanik) -  Physikalische Grundlagen auf einen Blick einfach erklärt;https://www.youtube.com/watch?v=dWqxW_4M4dI
Studyflix;Effizienz und Effektivität - Der Unterschied zwischen effektiv vs. effizient einfach erklärt!;https://www.youtube.com/watch?v=nuTAJpQTLLU
Studyflix;Internes Rechnungswesen (Das Wichtigste für deine Klausur);https://www.youtube.com/watch?v=n5Cw-iBoIMU
Studyflix;Corioliskraft - Auswirkungen auf der Erde! Drehbewegungen aus der Physik einfach erklärt;https://www.youtube.com/watch?v=rqS_dhIptw8
Studyflix;Maslow's Hierarchy of Needs - Simply Explained - With Examples!;https://www.youtube.com/watch?v=0QQOzUmrbLA
Studyflix;Absolute und relative Häufigkeit berechnen;https://www.youtube.com/watch?v=CFZ_RAAJCRI
Studyflix;Kosten und Leistungsrechnung - Übersicht, Beispiel und Erklärung;https://www.youtube.com/watch?v=egIauZO2F5k
Studyflix;Levels of Measurement: Cardinal Scale, Metric Scale Simply Explained with Two Examples;https://www.youtube.com/watch?v=EFSb8fbAtFI
Studyflix;Wärmedurchgangskoeffizient und U Wert - der Zusammenhang und die Berechnung einfach erklärt;https://www.youtube.com/watch?v=s9fcofVvrRU
Studyflix;Shellsort - (deutsch);https://www.youtube.com/watch?v=_XLGADhLaXA
Studyflix;Pauschalwertberichtigung einfach erklärt (PWB) - Wie funktionieren Abschreibungen auf Forderungen?;https://www.youtube.com/watch?v=FajVc28rr-U
Studyflix;Richtungsableitung - Mit diesem Trick verstehst du sie sofort!;https://www.youtube.com/watch?v=tYubhSsvH1k
Studyflix;Variation der Konstanten - Differentialgleichung erster Ordnung lösen;https://www.youtube.com/watch?v=OtsURgoKJ1s
Studyflix;Hochschulmarketing - Studierende digital erreichen mit Studyflix;https://www.youtube.com/watch?v=zdeun9EfLQw
Studyflix;Studyflix in 70 Sekunden! Deine E-Learning Plattform für ein erfolgreiches Studium;https://www.youtube.com/watch?v=aCx4CsDJBQQ
Studyflix;Makroökonomie: einfach erklärt!;https://www.youtube.com/watch?v=H9SOYOrp_7k
Studyflix;Cobb Douglas Produktionsfunktion - Berechnung und Ableitung einfach erklärt;https://www.youtube.com/watch?v=EOPQ7P6YgR8
Studyflix;Gleichstrommotor - Funktionsweise und Berechnung einfach erklärt;https://www.youtube.com/watch?v=xH8_4VXQxXw
Studyflix;Mikroökonomie - Grundlagen VWL einfach erklärt;https://www.youtube.com/watch?v=kyrZaFRQ29k
Studyflix;Drehmoment berechnen + Erklärung des Hebelgesetz - einfach erklärt mit Beispielen;https://www.youtube.com/watch?v=TgQNI-oVnoc
Studyflix;Magisches Viereck - einfach erklärt, Zielkonflikte in der Wirtschaft;https://www.youtube.com/watch?v=NYLcaTHimUA
Studyflix;Geschwindigkeit berechnen - Gleichförmige Bewegung und Durchschnittsgeschwindigkeit einfach erklärt;https://www.youtube.com/watch?v=kfe9PtdQpgs
Studyflix;Distributionspolitik: Marketing einfach erklärt;https://www.youtube.com/watch?v=J0CnTGvfZSM
Studyflix;Quantile, Quartile berechnen - Statistik;https://www.youtube.com/watch?v=tW-pEdxH1j8
Studyflix;Elektromotor - Erklärung und Aufbau;https://www.youtube.com/watch?v=PzTuLypSDg4
Studyflix;Matrixorganisation - Organisationsformen erklärt;https://www.youtube.com/watch?v=LEa7jNKJYmk
Studyflix;First Law of Thermodynamics - Simply Explained;https://www.youtube.com/watch?v=QiOlJBD4Zyw
Studyflix;Franchising - Vor und Nachteile erklärt;https://www.youtube.com/watch?v=XpGLoB_kFps
Studyflix;Quicksort Algorithmus / Quick Sort Sortierverfahren mit Beispiel (deutsch);https://www.youtube.com/watch?v=eNUM23f6g-s
Studyflix;Konvektion, Wärmeströmung einfach erklärt! Übersicht und Beispiel;https://www.youtube.com/watch?v=7X4eA6UHulg
Studyflix;Dijkstra Algorithmus - Beispiel mit Graph und Tabelle veranschaulicht!;https://www.youtube.com/watch?v=8NsD01kzJwg
Studyflix;Mealy Machine - Simple Explanation & Illustrative Example!;https://www.youtube.com/watch?v=m_PEhWshRRg
Studyflix;Lohmann-Ruchti-Effekt / Kapazitätserweiterungseffekt - einfach erklärt!;https://www.youtube.com/watch?v=C01qhQ9fF7w
Studyflix;Preis-Absatz-Funktion berechnen: Formel aufstellen und konkretes Beispiel!;https://www.youtube.com/watch?v=gQ3vJ_MDVrI
Studyflix;Carnot Prozess: Berechnung, Wirkungsgrad und Darstellung im T-s/p-v-Diagramm!;https://www.youtube.com/watch?v=AllPCvab9GQ
Studyflix;Lineare Abschreibung buchen -  Einfache Erklärung der Berechnung & Formel am Beispiel!;https://www.youtube.com/watch?v=1CsGyeFX2Oo
Studyflix;SOR Modell (Marketing) - Konsumverhalten und Blackbox am Beispiel erklärt!;https://www.youtube.com/watch?v=qZxgNJeH330
Studyflix;Isotherme Zustandsänderung - Formeln und Darstellung im p-v Diagramm!;https://www.youtube.com/watch?v=InbE_XJsvm4
Studyflix;Skimming Strategie - Vorteile & Nachteile mit konkretem Beispiel erklärt!;https://www.youtube.com/watch?v=zIKly7Ruzow
Studyflix;Exotherme und Endotherme Reaktionen - Beispiele und Energiediagramme;https://www.youtube.com/watch?v=xAc3X3DeWNM
Studyflix;Break Even Point berechnen: Bestimmung über Formel und Grafik - Anschauliche Beispielrechnung!;https://www.youtube.com/watch?v=sn3ogaGXmJo
Studyflix;Die Wöhlerkurve - Dynamische Beanspruchungen im Diagramm veranschaulicht!;https://www.youtube.com/watch?v=xSBJaKVuiaw
Studyflix;McKinsey-Portfolio - die 9 Felder Matrix nach McKinsey einfach erklärt!;https://www.youtube.com/watch?v=I25v0oNJhvg
Studyflix;Studyflix - Werbespot "Welt steht Kopf";https://www.youtube.com/watch?v=0hstPFZR_iU
Studyflix;Normalverteilung / Gaußverteilung - Stochastik einfach erklärt mit Rechenbeispiel!;https://www.youtube.com/watch?v=JHQB5lmo0XQ
Studyflix;Schubspannung infolge Querkraft - den Schubspannungsverlauf einfach bestimmen!;https://www.youtube.com/watch?v=Dd1XyjbyPLs
Studyflix;Variationskoeffizient - einfach erklärt für dein Studium!;https://www.youtube.com/watch?v=Y31djym1v1E
Studyflix;Spearman Korrelation - der Rangkorrelationskoeffizient einfach erklärt!;https://www.youtube.com/watch?v=a20rMp9hNgA
Studyflix;Pearson Korrelationskoeffizient berechnen - Statistik einfach erklärt!;https://www.youtube.com/watch?v=yJewCQIxECs
Studyflix;Stern Dreieck Transformation / Umwandlung - Elektrotechnik einfach erklärt!;https://www.youtube.com/watch?v=Yk7OM_mlzec
Studyflix;RS-Flipflop - Digitaltechnik einfach erklärt!;https://www.youtube.com/watch?v=1AMLOlkEJEw
Studyflix;Zugspannung berechnen - Festigkeitslehre einfach erklärt!;https://www.youtube.com/watch?v=wNtm4Ddm5Wo
Studyflix;Annuitätenmethode - Dynamische Investitionsverfahren einfach erklärt;https://www.youtube.com/watch?v=BwFx7bNncXo
Studyflix;T-Konten - Externes Rechnungswesen einfach erklärt;https://www.youtube.com/watch?v=FH0PcCXzzzw
Studyflix;Barwert und Endwert berechnen - I&F einfach erklärt!;https://www.youtube.com/watch?v=5iORr9TH92M
Studyflix;Die BCG Matrix (Portfolioanalyse) - Erklärung und Beispiel;https://www.youtube.com/watch?v=c3ahHuUMivY
Studyflix;XOR Gatter - Digitaltechnik einfach erklärt;https://www.youtube.com/watch?v=tnphh7ifOnw
Studyflix;KV Diagramm - Erklärung und Beispiel;https://www.youtube.com/watch?v=RON2FmNrR58
Studyflix;Gibbssche Phasenregel - Freiheitsgrade berechnen;https://www.youtube.com/watch?v=EdL0wnblZEc
Studyflix;SQ3R Methode - die beste Lesetechnik für deine wissenschaftliche Arbeit;https://www.youtube.com/watch?v=Y6m5EODSQ_o
Studyflix;Trennung der Variablen (Differentialgleichungen einfach erklärt);https://www.youtube.com/watch?v=0QbRc8FlxB0
Studyflix;FIFO-Verfahren - einfache Erklärung mit Beispiel!;https://www.youtube.com/watch?v=0AcPK3I7m6c
Studyflix;Fixkostendegression - einfache Erklärung!;https://www.youtube.com/watch?v=hh3yCDWG2iY
Studyflix;Fourierreihe - einfache Erklärung der Reihenentwicklung!;https://www.youtube.com/watch?v=6piNSfCpuKk
Studyflix;Total Costing vs. Cost of Sales Method - Explained Simply!;https://www.youtube.com/watch?v=W6fwav5JQQ4
Studyflix;Kerbschlagbiegeversuch - Werkstoffprüfung einfach erklärt!;https://www.youtube.com/watch?v=a2VhSxewoNQ
Studyflix;Taylorreihe - Beispiel mit Sinus von X;https://www.youtube.com/watch?v=o6sFNWj9F08
Studyflix;Fiskalpolitik im IS LM Modell - einfach erklärt!;https://www.youtube.com/watch?v=1PnqQ2wCSm4
Studyflix;Gray-Code (deutsch) - einfache Erklärung für dein Studium;https://www.youtube.com/watch?v=4GZBNTiQYik
Studyflix;Drawing Bode Plots - Control Engineering Explained Simply!;https://www.youtube.com/watch?v=cQH--8rpRw8
Studyflix;Von Neumann Architektur - Grundlagen des Rechners einfach erklärt;https://www.youtube.com/watch?v=jojp0h2YoSU
Studyflix;Value at Risk - VaR (deutsch) - Berechnung und Formel für dein BWL-Studium;https://www.youtube.com/watch?v=lO5Yd0QvGJ0
Studyflix;PT1 and PT2 Elements with Transient Response - Fundamentals of Control Engineering;https://www.youtube.com/watch?v=zCnjzcjAbAc
Studyflix;Lorenzkurve zeichnen - Wirtschaftspolitik einfach erklärt!;https://www.youtube.com/watch?v=1-HwqYp5C8A
Studyflix;Budgetrestriktion / Budgetgerade - einfach erklärt für Wiwis;https://www.youtube.com/watch?v=7PuNnOifmj0
Studyflix;ASCII Code / ASCII Tabelle - Verständliche Erklärung auf Deutsch;https://www.youtube.com/watch?v=N3ZLZRqAYC0
Studyflix;Wärmetauscher / Wärmeübertrager am Beispiel erklärt - Thermodynamik;https://www.youtube.com/watch?v=0YIQsy3ZRh8
Studyflix;SWOT-Analyse mit Beispiel - Aufbau und Vorgehen einfach erklärt;https://www.youtube.com/watch?v=m73BIC2cS-U
Studyflix;Festlager Loslager und andere Lagerarten der Mechanik - Statik;https://www.youtube.com/watch?v=Mr3qWC0aVC0
Studyflix;Utility Functions and Indifference Curves - Simply Explained for Your Business Studies!;https://www.youtube.com/watch?v=2Jp4WkIDX9c
Studyflix;Deckungsbeitrag berechnen mit einfachem Beispiel;https://www.youtube.com/watch?v=VwATjXEvSdc
Studyflix;Simplex Algorithm - The Primal Simplex Explained Simply (Operations Research);https://www.youtube.com/watch?v=avZN0vSuBdg
Studyflix;Pointer (Zeiger) in C;https://www.youtube.com/watch?v=yk99Re_nK7I
Studyflix;Ökonomische Wohlfahrt und Ressourcenallokation - Wohlfahrtstheorie einfach erklärt;https://www.youtube.com/watch?v=Km73yUkoteM
Studyflix;Nyquist Kriterium - Regelungstechnik;https://www.youtube.com/watch?v=ZSVpNQnBYWM
Studyflix;Marktversagen - Externe Effekte: Auswirkung auf die Wohlfahrt;https://www.youtube.com/watch?v=8ckLgQQi96c
Studyflix;ASAD Modell - Aggregiertes Angebot und aggregierte Nachfrage kombiniert;https://www.youtube.com/watch?v=9ASyzqo_xkc
Studyflix;Entscheidungstheorie Grundlagen - Entscheidungsmatrix;https://www.youtube.com/watch?v=j96B1qGW0nA
Studyflix;Kostenträgerrechnung;https://www.youtube.com/watch?v=PK0qeLJV0hI
Studyflix;Messtechnik Grundlagen;https://www.youtube.com/watch?v=4aUByqtzjn0
Studyflix;IS-LM Modell - Gütermarkt und Finanzmarkt kombiniert;https://www.youtube.com/watch?v=xcTJHq1s9yQ
Studyflix;Nassdampfgebiete in der Thermodynamik;https://www.youtube.com/watch?v=iWtXToq7SvU
Studyflix;Ansoff Matrix (Produkt-Markt-Matrix) einfach erklärt;https://www.youtube.com/watch?v=NTkkf7HdiXg
Studyflix;Lean Canvas Modell für dein Startup (deutsch);https://www.youtube.com/watch?v=_TpWxRaxWA0
Studyflix;Reales und nominales BIP (Bruttoinlandsprodukt) einfach erklärt;https://www.youtube.com/watch?v=p83WzqLwmp8
Studyflix;Moore und Johnson Algorithmus (deutsch);https://www.youtube.com/watch?v=EGVvsjOv-PA
Studyflix;Maschenstromverfahren (einfach erklärt);https://www.youtube.com/watch?v=CebyoWnsarI
Studyflix;Spieltheorie - Nash Gleichgewicht in gemischten Strategien;https://www.youtube.com/watch?v=9xhWs3XHen0
Studyflix;Phasendiagramme in der Werkstoffkunde;https://www.youtube.com/watch?v=kLYhfUV3bcg
Studyflix;Tensile Testing in Materials Engineering;https://www.youtube.com/watch?v=Hy4yZFu-dWU
Studyflix;Produktionsprogrammplanung;https://www.youtube.com/watch?v=VVHOfORZY6E
Studyflix;Regelungstechnik Grundlagen - Regelkreis / Regelstrecke am Beispiel erklärt;https://www.youtube.com/watch?v=l26IGS2RlM0
Studyflix;Latente Steuern (einfach erklärt);https://www.youtube.com/watch?v=q4frSy_FJfo
Studyflix;Millersche Indizes - Gitterebenen;https://www.youtube.com/watch?v=X4YL0B8twxg
Studyflix;Rechnungsabgrenzungsposten;https://www.youtube.com/watch?v=q6Y1b9_esd8
Studyflix;Bewertung von Vorräten;https://www.youtube.com/watch?v=EH-CAZM32Jw
Studyflix;Mechanik Statik I (Das Wichtigste für deine Klausur);https://www.youtube.com/watch?v=MdmPrb6DFRY
Studyflix;Marketing Grundlagen (Das Wichtigste für deine Klausur);https://www.youtube.com/watch?v=nNemnM1gBpA
Studyflix;Drehimpuls / Drallsatz - Mechanik Dynamik;https://www.youtube.com/watch?v=JsVDT5-LOQY
Studyflix;Elektrotechnik Grundlagen (Das Wichtigste für deine Klausur);https://www.youtube.com/watch?v=L4L417kIpdI
Studyflix;Vererbung in Java für Anfänger;https://www.youtube.com/watch?v=XICQ8TFOgUM
Studyflix;Schwerpunkt berechnen über Integral - technische Mechanik;https://www.youtube.com/watch?v=JVXQaQIpDVw
Studyflix;Abschreibungen auf Vermögensgegenstände (einfach erklärt);https://www.youtube.com/watch?v=X8nvUxl5rEk
Studyflix;Flächenträgheitsmoment;https://www.youtube.com/watch?v=DJgBcerB3Po
Studyflix;Kapitalwert berechnen - Kapitalwertmethode (einfach erklärt);https://www.youtube.com/watch?v=etFmYEyu6yA
Studyflix;Alkene und Alkine (organische Chemie);https://www.youtube.com/watch?v=9lJuCtlSBdY
Studyflix;Produktlebenszyklus & Produktlebenszyklusphasen Beispiel und Definition;https://www.youtube.com/watch?v=TUXK5snsXEQ
Studyflix;Magnetisches Feld (B-Feld);https://www.youtube.com/watch?v=UpL0kJTqtJM
Studyflix;Supply Chain Management Beispiel - einfach erklärt (deutsch);https://www.youtube.com/watch?v=TqoaeL7blOk
Studyflix;Alkane und Cycloalkane;https://www.youtube.com/watch?v=koatkUZ5Ffg
Studyflix;Klassen in Java (einfach erklärt);https://www.youtube.com/watch?v=3GWAn0c9QGo
Studyflix;Elektrisches Feld (E-Feld);https://www.youtube.com/watch?v=EN6dTZH-HDs
Studyflix;Die besten Websites für dein Studium;https://www.youtube.com/watch?v=Xi3QWo-GHhc
Studyflix;Zuschlagskalkulation;https://www.youtube.com/watch?v=lwfCgG9dUYE
Studyflix;Einkommenseffekt und Substitutionseffekt berechnen;https://www.youtube.com/watch?v=MugoYQITrUo
Studyflix;Spieltheorie - Das Gefangenendilemma mit Beispiel erklärt!;https://www.youtube.com/watch?v=RiLytA_cHtY
Studyflix;Satz von Steiner - Flächenträgheitsmoment;https://www.youtube.com/watch?v=_QvaedPVYcg
Studyflix;Objektorientiertes Programmieren in Java für Anfänger;https://www.youtube.com/watch?v=04Mj3VxlN8M
Studyflix;Materialbedarfsplanung / Bedarfsermittlung: Erzeugnisstruktur durch Baukastenstückliste erfassen;https://www.youtube.com/watch?v=khvptVkyHhw
Studyflix;How to Calculate Producer and Consumer Surplus - A Simple Explanation;https://www.youtube.com/watch?v=20LzoAWk15M
Studyflix;Brückenschaltung (Wheatstone Brücke) und Spannungsteiler berechnen;https://www.youtube.com/watch?v=S9dfTdQQQGA
Studyflix;Kirchhoffsche Gesetze / Kirchhoffsche Regeln: Maschenregel und Knotenregel einfach erklärt;https://www.youtube.com/watch?v=qkKaNsHdxgc
Studyflix;Wissenschaftliche Arbeiten richtig schreiben;https://www.youtube.com/watch?v=5i_tF_Qi-dU
Studyflix;Motivation im Studium;https://www.youtube.com/watch?v=xMh_InB_eAg
Studyflix;Knotenpunktverfahren / Knotenschnittverfahren;https://www.youtube.com/watch?v=6G6nSPq1xJE
Studyflix;Seilreibung;https://www.youtube.com/watch?v=CP69S-F40Mk
Studyflix;Primitive Datentypen in Java (einfach erklärt);https://www.youtube.com/watch?v=Y4aEIj-1VmI
Studyflix;If-Else in Java: Programmieren lernen an einem Tag (deutsch);https://www.youtube.com/watch?v=Ana3NaE5HLU
